Branch,Measure,Mar-24,Apr-24,May-24,Jun-24,Jul-24,Aug-24,Sep-24,Oct-24,Nov-24,Dec-24,Jan-25,Feb-25,Mar-25,Apr-25,May-25,Jun-25,Jul-25,Aug-25,Sep-25,Oct-25,Nov-25,Dec-25,Jan-26,Feb-26,Mar-26,Apr-26,May-26,Jun-26,Jul-26,Aug-26
DBN01,Sales excl VAT,121200.0,123500.0,119700.0,117200.0,113900.0,121700.0,124000.0,134700.0,134400.0,173300.0,121600.0,111300.0,137100.0,133100.0,137100.0,129400.0,137200.0,154700.0,135100.0,151900.0,164300.0,187600.0,133300.0,123600.0,155400.0,133500.0,141500.0,133600.0,136300.0,158900.0
DBN01,Gross profit,75200.0,76600.0,74200.0,72700.0,70600.0,75500.0,76900.0,83500.0,83300.0,107500.0,75400.0,69000.0,85000.0,82500.0,85000.0,80200.0,85100.0,95900.0,83700.0,94200.0,101900.0,116300.0,82700.0,76600.0,96300.0,82800.0,87800.0,82800.0,84500.0,98500.0
DBN02,Sales excl VAT,113400.0,107300.0,113500.0,112800.0,108600.0,122000.0,120500.0,114900.0,111500.0,154900.0,104600.0,99800.0,129100.0,115600.0,111600.0,108700.0,116200.0,129900.0,122600.0,128500.0,142300.0,168300.0,127100.0,104900.0,138300.0,124400.0,131500.0,114600.0,131600.0,127500.0
DBN02,Gross profit,70300.0,66500.0,70400.0,69900.0,67300.0,75600.0,74700.0,71300.0,69100.0,96000.0,64900.0,61900.0,80000.0,71700.0,69200.0,67400.0,72100.0,80600.0,76000.0,79700.0,88200.0,104300.0,78800.0,65100.0,85800.0,77200.0,81500.0,71000.0,81600.0,79100.0
DBN03,Sales excl VAT,93100.0,102600.0,95500.0,100400.0,95100.0,118000.0,101600.0,112800.0,111400.0,128200.0,93200.0,91900.0,105300.0,104700.0,101100.0,90500.0,119400.0,125100.0,112800.0,130400.0,125200.0,149800.0,115400.0,99000.0,126600.0,113500.0,125100.0,114500.0,121900.0,128700.0
DBN03,Gross profit,57700.0,63600.0,59200.0,62200.0,58900.0,73200.0,63000.0,69900.0,69100.0,79500.0,57800.0,57000.0,65300.0,64900.0,62700.0,56100.0,74000.0,77600.0,70000.0,80800.0,77600.0,92900.0,71500.0,61400.0,78500.0,70400.0,77600.0,71000.0,75600.0,79800.0
DBN04,Sales excl VAT,101400.0,102800.0,98800.0,98900.0,103900.0,106200.0,108600.0,117500.0,115700.0,153300.0,102800.0,83800.0,108700.0,108000.0,102400.0,95500.0,112600.0,129100.0,138000.0,124200.0,134100.0,142300.0,107100.0,110000.0,117400.0,119700.0,123400.0,120400.0,128900.0,127300.0
DBN04,Gross profit,62900.0,63800.0,61300.0,61300.0,64400.0,65800.0,67300.0,72800.0,71800.0,95000.0,63700.0,51900.0,67400.0,66900.0,63500.0,59200.0,69800.0,80000.0,85500.0,77000.0,83100.0,88200.0,66400.0,68200.0,72800.0,74200.0,76500.0,74600.0,79900.0,78900.0
DBN05,Sales excl VAT,129900.0,113400.0,110700.0,111100.0,111300.0,131300.0,127800.0,121600.0,135400.0,161800.0,111000.0,101900.0,129600.0,121000.0,126600.0,124000.0,136100.0,140800.0,132200.0,142500.0,140800.0,183100.0,126100.0,120700.0,142400.0,139800.0,149300.0,125800.0,141400.0,147000.0
DBN05,Gross profit,80500.0,70300.0,68600.0,68900.0,69000.0,81400.0,79200.0,75400.0,83900.0,100300.0,68800.0,63200.0,80300.0,75000.0,78500.0,76900.0,84400.0,87300.0,82000.0,88300.0,87300.0,113500.0,78200.0,74800.0,88300.0,86700.0,92500.0,78000.0,87700.0,91100.0
DBN06,Sales excl VAT,76400.0,68400.0,70800.0,72600.0,74800.0,80000.0,85200.0,77200.0,81600.0,105600.0,71600.0,64800.0,93000.0,86700.0,84600.0,76100.0,82300.0,92400.0,82900.0,99000.0,94400.0,116400.0,82900.0,80600.0,90400.0,85900.0,99200.0,88500.0,87500.0,92300.0
DBN06,Gross profit,47300.0,42400.0,43900.0,45000.0,46400.0,49600.0,52800.0,47900.0,50600.0,65500.0,44400.0,40200.0,57600.0,53700.0,52500.0,47200.0,51000.0,57300.0,51400.0,61400.0,58500.0,72200.0,51400.0,49900.0,56000.0,53300.0,61500.0,54900.0,54200.0,57200.0
DBN07,Sales excl VAT,,,,,,,,,,,,,,,,54600.0,71300.0,89900.0,95400.0,122600.0,112000.0,140500.0,104600.0,99000.0,115700.0,117000.0,125500.0,108300.0,104800.0,118600.0
DBN07,Gross profit,,,,,,,,,,,,,,,,33900.0,44200.0,55700.0,59100.0,76000.0,69400.0,87100.0,64900.0,61400.0,71700.0,72500.0,77800.0,67100.0,65000.0,73500.0
DBN08,Sales excl VAT,159100.0,148800.0,140200.0,136500.0,147100.0,148300.0,148100.0,159100.0,174000.0,197400.0,130500.0,131800.0,161000.0,147600.0,158800.0,141900.0,160700.0,180200.0,172200.0,184200.0,198600.0,200200.0,164200.0,134500.0,182700.0,180400.0,182500.0,164600.0,180100.0,184000.0
DBN08,Gross profit,98700.0,92300.0,86900.0,84600.0,91200.0,91900.0,91800.0,98700.0,107900.0,122400.0,80900.0,81700.0,99800.0,91500.0,98500.0,88000.0,99700.0,111700.0,106800.0,114200.0,123100.0,124100.0,101800.0,83400.0,113300.0,111800.0,113100.0,102100.0,111700.0,114100.0
PMB01,Sales excl VAT,117500.0,113600.0,105600.0,119300.0,121700.0,118700.0,123200.0,127700.0,121700.0,171900.0,108300.0,99300.0,118000.0,127000.0,135700.0,109000.0,126300.0,127600.0,122700.0,143600.0,153300.0,175600.0,124200.0,122000.0,139900.0,134300.0,133300.0,134900.0,142500.0,134500.0
PMB01,Gross profit,72800.0,70400.0,65500.0,74000.0,75500.0,73600.0,76400.0,79200.0,75400.0,106600.0,67100.0,61500.0,73200.0,78800.0,84100.0,67600.0,78300.0,79100.0,76100.0,89100.0,95000.0,108900.0,77000.0,75600.0,86700.0,83300.0,82600.0,83600.0,88400.0,83400.0
PMB02,Sales excl VAT,95100.0,90900.0,78500.0,83400.0,80800.0,93400.0,94400.0,98500.0,106200.0,125600.0,89200.0,78400.0,90100.0,99000.0,95100.0,85500.0,89100.0,108900.0,109500.0,117600.0,109400.0,139000.0,91500.0,77700.0,105800.0,117900.0,103100.0,99300.0,109200.0,110200.0
PMB02,Gross profit,58900.0,56300.0,48700.0,51700.0,50100.0,57900.0,58500.0,61100.0,65800.0,77900.0,55300.0,48600.0,55900.0,61400.0,59000.0,53000.0,55200.0,67500.0,67900.0,72900.0,67800.0,86200.0,56800.0,48200.0,65600.0,73100.0,63900.0,61500.0,67700.0,68400.0
PMB03,Sales excl VAT,,,,,,,,,,,,,,,,,,,,,45800.0,70600.0,60800.0,59000.0,87900.0,84900.0,87900.0,76000.0,84200.0,92500.0
PMB03,Gross profit,,,,,,,,,,,,,,,,,,,,,28400.0,43800.0,37700.0,36600.0,54500.0,52700.0,54500.0,47100.0,52200.0,57400.0
PMB04,Sales excl VAT,89200.0,102300.0,92800.0,81500.0,93100.0,84200.0,89100.0,86900.0,84400.0,107800.0,76500.0,60400.0,81900.0,66400.0,71000.0,61600.0,71000.0,74500.0,69800.0,,,,,,,,,,,
PMB04,Gross profit,55300.0,63400.0,57600.0,50500.0,57800.0,52200.0,55300.0,53900.0,52300.0,66800.0,47400.0,37400.0,50800.0,41200.0,44000.0,38200.0,44000.0,46200.0,43300.0,,,,,,,,,,,
