period,branch_code,account_code,amount_excl
2024/03,DBN01,6000,27657.14
2024/03,DBN01,6100,14083.59
2024/03,DBN01,6200,4030.25
2024/03,DBN01,6300,1884.04
2024/03,DBN01,6400,1867.95
2024/03,DBN01,6500,1434.38
2024/03,DBN01,6600,1024.26
2024/03,DBN01,7000,3840.98
2024/03,DBN01,7100,1536.39
2024/04,DBN01,6000,27878.33
2024/04,DBN01,6100,14083.59
2024/04,DBN01,6200,4217.73
2024/04,DBN01,6300,1670.06
2024/04,DBN01,6400,1550.71
2024/04,DBN01,6500,1478.62
2024/04,DBN01,6600,1024.26
2024/04,DBN01,7000,3840.98
2024/04,DBN01,7100,1536.39
2024/05,DBN01,6000,27926.52
2024/05,DBN01,6100,14083.59
2024/05,DBN01,6200,3795.77
2024/05,DBN01,6300,1745.45
2024/05,DBN01,6400,910.23
2024/05,DBN01,6500,1488.26
2024/05,DBN01,6600,1024.26
2024/05,DBN01,7000,3840.98
2024/05,DBN01,7100,1536.39
2024/06,DBN01,6000,27533.02
2024/06,DBN01,6100,14083.59
2024/06,DBN01,6200,3815.75
2024/06,DBN01,6300,2982.37
2024/06,DBN01,6400,5478.12
2024/06,DBN01,6500,1409.56
2024/06,DBN01,6600,1024.26
2024/06,DBN01,7000,3840.98
2024/06,DBN01,7100,1536.39
2024/07,DBN01,6000,27547.75
2024/07,DBN01,6100,14083.59
2024/07,DBN01,6200,4909.53
2024/07,DBN01,6300,1643.75
2024/07,DBN01,6400,2816.25
2024/07,DBN01,6500,1412.5
2024/07,DBN01,6600,1024.26
2024/07,DBN01,7000,3840.98
2024/07,DBN01,7100,1536.39
2024/08,DBN01,6000,27647.71
2024/08,DBN01,6100,14083.59
2024/08,DBN01,6200,3723.65
2024/08,DBN01,6300,2247.32
2024/08,DBN01,6400,2441.97
2024/08,DBN01,6500,1432.5
2024/08,DBN01,6600,1024.26
2024/08,DBN01,7000,3840.98
2024/08,DBN01,7100,1536.39
2024/09,DBN01,6000,28256.23
2024/09,DBN01,6100,14083.59
2024/09,DBN01,6200,4866.81
2024/09,DBN01,6300,2394.61
2024/09,DBN01,6400,1633.32
2024/09,DBN01,6500,1554.2
2024/09,DBN01,6600,1024.26
2024/09,DBN01,7000,3840.98
2024/09,DBN01,7100,1536.39
2024/10,DBN01,6000,28409.28
2024/10,DBN01,6100,14083.59
2024/10,DBN01,6200,4262.22
2024/10,DBN01,6300,3104.43
2024/10,DBN01,6400,1353.45
2024/10,DBN01,6500,1584.81
2024/10,DBN01,6600,1024.26
2024/10,DBN01,7000,3840.98
2024/10,DBN01,7100,1536.39
2024/11,DBN01,6000,28721.21
2024/11,DBN01,6100,14083.59
2024/11,DBN01,6200,4845.71
2024/11,DBN01,6300,2227.23
2024/11,DBN01,6400,4972.24
2024/11,DBN01,6500,1647.2
2024/11,DBN01,6600,1024.26
2024/11,DBN01,7000,3840.98
2024/11,DBN01,7100,1536.39
2024/12,DBN01,6000,30476.96
2024/12,DBN01,6100,14083.59
2024/12,DBN01,6200,6126.05
2024/12,DBN01,6300,2746.75
2024/12,DBN01,6400,698.52
2024/12,DBN01,6500,1998.35
2024/12,DBN01,6600,1024.26
2024/12,DBN01,7000,3840.98
2024/12,DBN01,7100,1536.39
2025/01,DBN01,6000,27397.76
2025/01,DBN01,6100,14083.59
2025/01,DBN01,6200,3641.96
2025/01,DBN01,6300,2663.25
2025/01,DBN01,6400,3233.44
2025/01,DBN01,6500,1382.51
2025/01,DBN01,6600,1024.26
2025/01,DBN01,7000,3840.98
2025/01,DBN01,7100,1536.39
2025/02,DBN01,6000,27134.08
2025/02,DBN01,6100,14083.59
2025/02,DBN01,6200,3722.63
2025/02,DBN01,6300,3138.76
2025/02,DBN01,6400,2012.13
2025/02,DBN01,6500,1329.77
2025/02,DBN01,6600,1024.26
2025/02,DBN01,7000,3840.98
2025/02,DBN01,7100,1536.39
2025/03,DBN01,6000,30306.51
2025/03,DBN01,6100,15069.44
2025/03,DBN01,6200,5733.78
2025/03,DBN01,6300,3713.49
2025/03,DBN01,6400,1400.49
2025/03,DBN01,6500,1718.43
2025/03,DBN01,6600,1024.26
2025/03,DBN01,7000,3840.98
2025/03,DBN01,7100,1536.39
2025/04,DBN01,6000,29463.08
2025/04,DBN01,6100,15069.44
2025/04,DBN01,6200,4951.87
2025/04,DBN01,6300,3027.76
2025/04,DBN01,6400,1008.32
2025/04,DBN01,6500,1549.75
2025/04,DBN01,6600,1024.26
2025/04,DBN01,7000,3840.98
2025/04,DBN01,7100,1536.39
2025/05,DBN01,6000,30310.99
2025/05,DBN01,6100,15069.44
2025/05,DBN01,6200,4302.11
2025/05,DBN01,6300,2600.41
2025/05,DBN01,6400,978.18
2025/05,DBN01,6500,1719.33
2025/05,DBN01,6600,1024.26
2025/05,DBN01,7000,3840.98
2025/05,DBN01,7100,1536.39
2025/06,DBN01,6000,29075.03
2025/06,DBN01,6100,15069.44
2025/06,DBN01,6200,4804.18
2025/06,DBN01,6300,1834.47
2025/06,DBN01,6400,934.08
2025/06,DBN01,6500,1472.14
2025/06,DBN01,6600,1024.26
2025/06,DBN01,7000,3840.98
2025/06,DBN01,7100,1536.39
2025/07,DBN01,6000,29567.54
2025/07,DBN01,6100,15069.44
2025/07,DBN01,6200,4023.08
2025/07,DBN01,6300,2571.58
2025/07,DBN01,6400,2556.27
2025/07,DBN01,6500,1570.64
2025/07,DBN01,6600,1024.26
2025/07,DBN01,7000,3840.98
2025/07,DBN01,7100,1536.39
2025/08,DBN01,6000,30505.83
2025/08,DBN01,6100,15069.44
2025/08,DBN01,6200,5909.9
2025/08,DBN01,6300,2178.04
2025/08,DBN01,6400,1311.02
2025/08,DBN01,6500,1758.3
2025/08,DBN01,6600,1024.26
2025/08,DBN01,7000,3840.98
2025/08,DBN01,7100,1536.39
2025/09,DBN01,6000,30000.58
2025/09,DBN01,6100,15069.44
2025/09,DBN01,6200,5728.86
2025/09,DBN01,6300,1884.2
2025/09,DBN01,6400,926.06
2025/09,DBN01,6500,1657.25
2025/09,DBN01,6600,1024.26
2025/09,DBN01,7000,3840.98
2025/09,DBN01,7100,1536.39
2025/10,DBN01,6000,30667.24
2025/10,DBN01,6100,15069.44
2025/10,DBN01,6200,5325.6
2025/10,DBN01,6300,2894.08
2025/10,DBN01,6400,1316.69
2025/10,DBN01,6500,1790.58
2025/10,DBN01,6600,1024.26
2025/10,DBN01,7000,3840.98
2025/10,DBN01,7100,1536.39
2025/11,DBN01,6000,31275.43
2025/11,DBN01,6100,15069.44
2025/11,DBN01,6200,6601.2
2025/11,DBN01,6300,3127.7
2025/11,DBN01,6400,1612.98
2025/11,DBN01,6500,1912.22
2025/11,DBN01,6600,1024.26
2025/11,DBN01,7000,3840.98
2025/11,DBN01,7100,1536.39
2025/12,DBN01,6000,32994.56
2025/12,DBN01,6100,15069.44
2025/12,DBN01,6200,5717.46
2025/12,DBN01,6300,3609.44
2025/12,DBN01,6400,2768.03
2025/12,DBN01,6500,2256.04
2025/12,DBN01,6600,1024.26
2025/12,DBN01,7000,3840.98
2025/12,DBN01,7100,1536.39
2026/01,DBN01,6000,29787.0
2026/01,DBN01,6100,15069.44
2026/01,DBN01,6200,4173.34
2026/01,DBN01,6300,2998.17
2026/01,DBN01,6400,1012.01
2026/01,DBN01,6500,1614.53
2026/01,DBN01,6600,1024.26
2026/01,DBN01,7000,3840.98
2026/01,DBN01,7100,1536.39
2026/02,DBN01,6000,28742.23
2026/02,DBN01,6100,15069.44
2026/02,DBN01,6200,3560.1
2026/02,DBN01,6300,1536.93
2026/02,DBN01,6400,1298.7
2026/02,DBN01,6500,1405.58
2026/02,DBN01,6600,1024.26
2026/02,DBN01,7000,3840.98
2026/02,DBN01,7100,1536.39
2026/03,DBN01,6000,32397.78
2026/03,DBN01,6100,16124.31
2026/03,DBN01,6200,5827.27
2026/03,DBN01,6300,1878.74
2026/03,DBN01,6400,973.91
2026/03,DBN01,6500,1876.12
2026/03,DBN01,6600,1024.26
2026/03,DBN01,7000,3840.98
2026/03,DBN01,7100,1536.39
2026/04,DBN01,6000,31342.98
2026/04,DBN01,6100,16124.31
2026/04,DBN01,6200,4337.01
2026/04,DBN01,6300,3492.84
2026/04,DBN01,6400,1504.11
2026/04,DBN01,6500,1665.16
2026/04,DBN01,6600,1024.26
2026/04,DBN01,7000,3840.98
2026/04,DBN01,7100,1536.39
2026/05,DBN01,6000,31930.59
2026/05,DBN01,6100,16124.31
2026/05,DBN01,6200,5043.09
2026/05,DBN01,6300,2146.55
2026/05,DBN01,6400,2460.53
2026/05,DBN01,6500,1782.68
2026/05,DBN01,6600,1024.26
2026/05,DBN01,7000,3840.98
2026/05,DBN01,7100,1536.39
2026/06,DBN01,6000,31424.67
2026/06,DBN01,6100,16124.31
2026/06,DBN01,6200,5801.1
2026/06,DBN01,6300,2753.81
2026/06,DBN01,6400,606.81
2026/06,DBN01,6500,1681.49
2026/06,DBN01,6600,1024.26
2026/06,DBN01,7000,3840.98
2026/06,DBN01,7100,1536.39
2026/07,DBN01,6000,31353.25
2026/07,DBN01,6100,16124.31
2026/07,DBN01,6200,5032.11
2026/07,DBN01,6300,3791.43
2026/07,DBN01,6400,6459.7
2026/07,DBN01,6500,1667.21
2026/07,DBN01,6600,1024.26
2026/07,DBN01,7000,3840.98
2026/07,DBN01,7100,1536.39
2026/08,DBN01,6000,32151.04
2026/08,DBN01,6100,16124.31
2026/08,DBN01,6200,5212.7
2026/08,DBN01,6300,1921.36
2026/08,DBN01,6400,3089.79
2026/08,DBN01,6500,1826.77
2026/08,DBN01,6600,1024.26
2026/08,DBN01,7000,3840.98
2026/08,DBN01,7100,1536.39
2024/03,DBN02,6000,25454.15
2024/03,DBN02,6100,10401.77
2024/03,DBN02,6200,3920.64
2024/03,DBN02,6300,1850.91
2024/03,DBN02,6400,6029.41
2024/03,DBN02,6500,1392.42
2024/03,DBN02,6600,924.6
2024/03,DBN02,7000,3467.26
2024/04,DBN02,6000,24723.45
2024/04,DBN02,6100,10401.77
2024/04,DBN02,6200,3748.3
2024/04,DBN02,6300,2126.6
2024/04,DBN02,6400,969.97
2024/04,DBN02,6500,1246.28
2024/04,DBN02,6600,924.6
2024/04,DBN02,7000,3467.26
2024/05,DBN02,6000,25464.94
2024/05,DBN02,6100,10401.77
2024/05,DBN02,6200,4819.12
2024/05,DBN02,6300,2317.3
2024/05,DBN02,6400,3277.39
2024/05,DBN02,6500,1394.58
2024/05,DBN02,6600,924.6
2024/05,DBN02,7000,3467.26
2024/06,DBN02,6000,24889.7
2024/06,DBN02,6100,10401.77
2024/06,DBN02,6200,3468.47
2024/06,DBN02,6300,1796.12
2024/06,DBN02,6400,539.42
2024/06,DBN02,6500,1279.53
2024/06,DBN02,6600,924.6
2024/06,DBN02,7000,3467.26
2024/07,DBN02,6000,25278.96
2024/07,DBN02,6100,10401.77
2024/07,DBN02,6200,4529.74
2024/07,DBN02,6300,2384.38
2024/07,DBN02,6400,3469.37
2024/07,DBN02,6500,1357.38
2024/07,DBN02,6600,924.6
2024/07,DBN02,7000,3467.26
2024/08,DBN02,6000,25756.43
2024/08,DBN02,6100,10401.77
2024/08,DBN02,6200,4581.67
2024/08,DBN02,6300,3279.56
2024/08,DBN02,6400,5386.37
2024/08,DBN02,6500,1452.88
2024/08,DBN02,6600,924.6
2024/08,DBN02,7000,3467.26
2024/09,DBN02,6000,25270.67
2024/09,DBN02,6100,10401.77
2024/09,DBN02,6200,3608.14
2024/09,DBN02,6300,3028.59
2024/09,DBN02,6400,505.25
2024/09,DBN02,6500,1355.73
2024/09,DBN02,6600,924.6
2024/09,DBN02,7000,3467.26
2024/10,DBN02,6000,25615.24
2024/10,DBN02,6100,10401.77
2024/10,DBN02,6200,4107.59
2024/10,DBN02,6300,2221.93
2024/10,DBN02,6400,880.84
2024/10,DBN02,6500,1424.64
2024/10,DBN02,6600,924.6
2024/10,DBN02,7000,3467.26
2024/11,DBN02,6000,25416.78
2024/11,DBN02,6100,10401.77
2024/11,DBN02,6200,4712.79
2024/11,DBN02,6300,3064.71
2024/11,DBN02,6400,931.51
2024/11,DBN02,6500,1384.95
2024/11,DBN02,6600,924.6
2024/11,DBN02,7000,3467.26
2024/12,DBN02,6000,27243.58
2024/12,DBN02,6100,10401.77
2024/12,DBN02,6200,4364.75
2024/12,DBN02,6300,3406.7
2024/12,DBN02,6400,2027.36
2024/12,DBN02,6500,1750.31
2024/12,DBN02,6600,924.6
2024/12,DBN02,7000,3467.26
2025/01,DBN02,6000,24895.0
2025/01,DBN02,6100,10401.77
2025/01,DBN02,6200,3741.91
2025/01,DBN02,6300,3200.44
2025/01,DBN02,6400,2278.49
2025/01,DBN02,6500,1280.59
2025/01,DBN02,6600,924.6
2025/01,DBN02,7000,3467.26
2025/02,DBN02,6000,24480.37
2025/02,DBN02,6100,10401.77
2025/02,DBN02,6200,3327.4
2025/02,DBN02,6300,1887.31
2025/02,DBN02,6400,1595.56
2025/02,DBN02,6500,1197.67
2025/02,DBN02,6600,924.6
2025/02,DBN02,7000,3467.26
2025/03,DBN02,6000,27193.14
2025/03,DBN02,6100,11129.9
2025/03,DBN02,6200,3967.31
2025/03,DBN02,6300,3280.06
2025/03,DBN02,6400,1003.02
2025/03,DBN02,6500,1518.31
2025/03,DBN02,6600,924.6
2025/03,DBN02,7000,3467.26
2025/04,DBN02,6000,26442.82
2025/04,DBN02,6100,11129.9
2025/04,DBN02,6200,4655.21
2025/04,DBN02,6300,2261.96
2025/04,DBN02,6400,3794.87
2025/04,DBN02,6500,1368.25
2025/04,DBN02,6600,924.6
2025/04,DBN02,7000,3467.26
2025/05,DBN02,6000,26647.14
2025/05,DBN02,6100,11129.9
2025/05,DBN02,6200,4246.48
2025/05,DBN02,6300,1425.82
2025/05,DBN02,6400,1270.05
2025/05,DBN02,6500,1409.12
2025/05,DBN02,6600,924.6
2025/05,DBN02,7000,3467.26
2025/06,DBN02,6000,26014.69
2025/06,DBN02,6100,11129.9
2025/06,DBN02,6200,4226.23
2025/06,DBN02,6300,1745.45
2025/06,DBN02,6400,1235.21
2025/06,DBN02,6500,1282.63
2025/06,DBN02,6600,924.6
2025/06,DBN02,7000,3467.26
2025/07,DBN02,6000,26844.55
2025/07,DBN02,6100,11129.9
2025/07,DBN02,6200,4073.37
2025/07,DBN02,6300,2465.25
2025/07,DBN02,6400,1888.34
2025/07,DBN02,6500,1448.6
2025/07,DBN02,6600,924.6
2025/07,DBN02,7000,3467.26
2025/08,DBN02,6000,27314.25
2025/08,DBN02,6100,11129.9
2025/08,DBN02,6200,4706.49
2025/08,DBN02,6300,1903.86
2025/08,DBN02,6400,427.74
2025/08,DBN02,6500,1542.54
2025/08,DBN02,6600,924.6
2025/08,DBN02,7000,3467.26
2025/09,DBN02,6000,26790.7
2025/09,DBN02,6100,11129.9
2025/09,DBN02,6200,4389.11
2025/09,DBN02,6300,2967.96
2025/09,DBN02,6400,3376.29
2025/09,DBN02,6500,1437.83
2025/09,DBN02,6600,924.6
2025/09,DBN02,7000,3467.26
2025/10,DBN02,6000,27205.15
2025/10,DBN02,6100,11129.9
2025/10,DBN02,6200,4554.93
2025/10,DBN02,6300,2452.38
2025/10,DBN02,6400,2116.33
2025/10,DBN02,6500,1520.72
2025/10,DBN02,6600,924.6
2025/10,DBN02,7000,3467.26
2025/11,DBN02,6000,27631.05
2025/11,DBN02,6100,11129.9
2025/11,DBN02,6200,4764.95
2025/11,DBN02,6300,3345.56
2025/11,DBN02,6400,9628.75
2025/11,DBN02,6500,1605.9
2025/11,DBN02,6600,924.6
2025/11,DBN02,7000,3467.26
2025/12,DBN02,6000,29668.86
2025/12,DBN02,6100,11129.9
2025/12,DBN02,6200,5525.27
2025/12,DBN02,6300,2550.89
2025/12,DBN02,6400,844.5
2025/12,DBN02,6500,2013.46
2025/12,DBN02,6600,924.6
2025/12,DBN02,7000,3467.26
2026/01,DBN02,6000,27008.13
2026/01,DBN02,6100,11129.9
2026/01,DBN02,6200,3782.12
2026/01,DBN02,6300,1887.52
2026/01,DBN02,6400,321.52
2026/01,DBN02,6500,1481.31
2026/01,DBN02,6600,924.6
2026/01,DBN02,7000,3467.26
2026/02,DBN02,6000,25844.8
2026/02,DBN02,6100,11129.9
2026/02,DBN02,6200,3277.85
2026/02,DBN02,6300,3223.51
2026/02,DBN02,6400,3421.62
2026/02,DBN02,6500,1248.65
2026/02,DBN02,6600,924.6
2026/02,DBN02,7000,3467.26
2026/03,DBN02,6000,28979.02
2026/03,DBN02,6100,11908.99
2026/03,DBN02,6200,5723.99
2026/03,DBN02,6300,3118.68
2026/03,DBN02,6400,678.37
2026/03,DBN02,6500,1640.27
2026/03,DBN02,6600,924.6
2026/03,DBN02,7000,3467.26
2026/04,DBN02,6000,28618.03
2026/04,DBN02,6100,11908.99
2026/04,DBN02,6200,4430.36
2026/04,DBN02,6300,1794.12
2026/04,DBN02,6400,633.01
2026/04,DBN02,6500,1568.07
2026/04,DBN02,6600,924.6
2026/04,DBN02,7000,3467.26
2026/05,DBN02,6000,28475.43
2026/05,DBN02,6100,11908.99
2026/05,DBN02,6200,4687.57
2026/05,DBN02,6300,2303.21
2026/05,DBN02,6400,583.55
2026/05,DBN02,6500,1539.55
2026/05,DBN02,6600,924.6
2026/05,DBN02,7000,3467.26
2026/06,DBN02,6000,27896.75
2026/06,DBN02,6100,11908.99
2026/06,DBN02,6200,4274.45
2026/06,DBN02,6300,1520.65
2026/06,DBN02,6400,2195.29
2026/06,DBN02,6500,1423.82
2026/06,DBN02,6600,924.6
2026/06,DBN02,7000,3467.26
2026/07,DBN02,6000,28937.22
2026/07,DBN02,6100,11908.99
2026/07,DBN02,6200,4749.22
2026/07,DBN02,6300,3282.97
2026/07,DBN02,6400,2325.05
2026/07,DBN02,6500,1631.91
2026/07,DBN02,6600,924.6
2026/07,DBN02,7000,3467.26
2026/08,DBN02,6000,28773.85
2026/08,DBN02,6100,11908.99
2026/08,DBN02,6200,5465.37
2026/08,DBN02,6300,2573.94
2026/08,DBN02,6400,1806.51
2026/08,DBN02,6500,1599.24
2026/08,DBN02,6600,924.6
2026/08,DBN02,7000,3467.26
2024/03,DBN03,6000,32233.7
2024/03,DBN03,6100,13867.23
2024/03,DBN03,6200,3493.36
2024/03,DBN03,6300,1946.93
2024/03,DBN03,6400,2682.21
2024/03,DBN03,6500,1097.95
2024/03,DBN03,6600,792.41
2024/03,DBN03,7000,2971.55
2024/04,DBN03,6000,32606.88
2024/04,DBN03,6100,13867.23
2024/04,DBN03,6200,3931.96
2024/04,DBN03,6300,1307.4
2024/04,DBN03,6400,2638.86
2024/04,DBN03,6500,1172.59
2024/04,DBN03,6600,792.41
2024/04,DBN03,7000,2971.55
2024/05,DBN03,6000,32079.27
2024/05,DBN03,6100,13867.23
2024/05,DBN03,6200,3247.88
2024/05,DBN03,6300,2840.81
2024/05,DBN03,6400,862.99
2024/05,DBN03,6500,1067.07
2024/05,DBN03,6600,792.41
2024/05,DBN03,7000,2971.55
2024/06,DBN03,6000,32502.03
2024/06,DBN03,6100,13867.23
2024/06,DBN03,6200,3135.36
2024/06,DBN03,6300,1383.76
2024/06,DBN03,6400,706.28
2024/06,DBN03,6500,1151.62
2024/06,DBN03,6600,792.41
2024/06,DBN03,7000,2971.55
2024/07,DBN03,6000,32170.42
2024/07,DBN03,6100,13867.23
2024/07,DBN03,6200,3532.08
2024/07,DBN03,6300,1705.6
2024/07,DBN03,6400,1188.77
2024/07,DBN03,6500,1085.3
2024/07,DBN03,6600,792.41
2024/07,DBN03,7000,2971.55
2024/08,DBN03,6000,33379.63
2024/08,DBN03,6100,13867.23
2024/08,DBN03,6200,3314.8
2024/08,DBN03,6300,1635.15
2024/08,DBN03,6400,1282.0
2024/08,DBN03,6500,1327.14
2024/08,DBN03,6600,792.41
2024/08,DBN03,7000,2971.55
2024/09,DBN03,6000,32442.34
2024/09,DBN03,6100,13867.23
2024/09,DBN03,6200,3912.84
2024/09,DBN03,6300,1378.11
2024/09,DBN03,6400,2333.26
2024/09,DBN03,6500,1139.68
2024/09,DBN03,6600,792.41
2024/09,DBN03,7000,2971.55
2024/10,DBN03,6000,32723.87
2024/10,DBN03,6100,13867.23
2024/10,DBN03,6200,3984.03
2024/10,DBN03,6300,1889.46
2024/10,DBN03,6400,1219.58
2024/10,DBN03,6500,1195.99
2024/10,DBN03,6600,792.41
2024/10,DBN03,7000,2971.55
2024/11,DBN03,6000,33058.2
2024/11,DBN03,6100,13867.23
2024/11,DBN03,6200,3572.62
2024/11,DBN03,6300,2672.53
2024/11,DBN03,6400,2350.8
2024/11,DBN03,6500,1262.85
2024/11,DBN03,6600,792.41
2024/11,DBN03,7000,2971.55
2024/12,DBN03,6000,34227.81
2024/12,DBN03,6100,13867.23
2024/12,DBN03,6200,4241.8
2024/12,DBN03,6300,1285.59
2024/12,DBN03,6400,1753.11
2024/12,DBN03,6500,1496.77
2024/12,DBN03,6600,792.41
2024/12,DBN03,7000,2971.55
2025/01,DBN03,6000,32106.63
2025/01,DBN03,6100,13867.23
2025/01,DBN03,6200,2751.5
2025/01,DBN03,6300,2688.54
2025/01,DBN03,6400,4587.81
2025/01,DBN03,6500,1072.54
2025/01,DBN03,6600,792.41
2025/01,DBN03,7000,2971.55
2025/02,DBN03,6000,31929.14
2025/02,DBN03,6100,13867.23
2025/02,DBN03,6200,2827.41
2025/02,DBN03,6300,1711.12
2025/02,DBN03,6400,1121.87
2025/02,DBN03,6500,1037.04
2025/02,DBN03,6600,792.41
2025/02,DBN03,7000,2971.55
2025/03,DBN03,6000,34622.91
2025/03,DBN03,6100,14837.94
2025/03,DBN03,6200,3448.24
2025/03,DBN03,6300,2903.42
2025/03,DBN03,6400,833.05
2025/03,DBN03,6500,1254.87
2025/03,DBN03,6600,792.41
2025/03,DBN03,7000,2971.55
2025/04,DBN03,6000,34211.19
2025/04,DBN03,6100,14837.94
2025/04,DBN03,6200,3363.67
2025/04,DBN03,6300,2034.88
2025/04,DBN03,6400,1193.57
2025/04,DBN03,6500,1172.52
2025/04,DBN03,6600,792.41
2025/04,DBN03,7000,2971.55
2025/05,DBN03,6000,34338.57
2025/05,DBN03,6100,14837.94
2025/05,DBN03,6200,2976.09
2025/05,DBN03,6300,1659.61
2025/05,DBN03,6400,523.29
2025/05,DBN03,6500,1198.0
2025/05,DBN03,6600,792.41
2025/05,DBN03,7000,2971.55
2025/06,DBN03,6000,33405.73
2025/06,DBN03,6100,14837.94
2025/06,DBN03,6200,2530.73
2025/06,DBN03,6300,1731.07
2025/06,DBN03,6400,548.01
2025/06,DBN03,6500,1011.43
2025/06,DBN03,6600,792.41
2025/06,DBN03,7000,2971.55
2025/07,DBN03,6000,34674.92
2025/07,DBN03,6100,14837.94
2025/07,DBN03,6200,4106.23
2025/07,DBN03,6300,2360.97
2025/07,DBN03,6400,976.19
2025/07,DBN03,6500,1265.27
2025/07,DBN03,6600,792.41
2025/07,DBN03,7000,2971.55
2025/08,DBN03,6000,35091.22
2025/08,DBN03,6100,14837.94
2025/08,DBN03,6200,3548.98
2025/08,DBN03,6300,2479.74
2025/08,DBN03,6400,1422.84
2025/08,DBN03,6500,1348.53
2025/08,DBN03,6600,792.41
2025/08,DBN03,7000,2971.55
2025/09,DBN03,6000,34955.54
2025/09,DBN03,6100,14837.94
2025/09,DBN03,6200,4479.11
2025/09,DBN03,6300,2307.11
2025/09,DBN03,6400,5303.09
2025/09,DBN03,6500,1321.39
2025/09,DBN03,6600,792.41
2025/09,DBN03,7000,2971.55
2025/10,DBN03,6000,35328.86
2025/10,DBN03,6100,14837.94
2025/10,DBN03,6200,4207.48
2025/10,DBN03,6300,2087.88
2025/10,DBN03,6400,3050.11
2025/10,DBN03,6500,1396.06
2025/10,DBN03,6600,792.41
2025/10,DBN03,7000,2971.55
2025/11,DBN03,6000,35710.57
2025/11,DBN03,6100,14837.94
2025/11,DBN03,6200,4676.76
2025/11,DBN03,6300,2424.77
2025/11,DBN03,6400,596.65
2025/11,DBN03,6500,1472.4
2025/11,DBN03,6600,792.41
2025/11,DBN03,7000,2971.55
2025/12,DBN03,6000,36569.93
2025/12,DBN03,6100,14837.94
2025/12,DBN03,6200,5479.37
2025/12,DBN03,6300,2184.43
2025/12,DBN03,6400,1791.92
2025/12,DBN03,6500,1644.27
2025/12,DBN03,6600,792.41
2025/12,DBN03,7000,2971.55
2026/01,DBN03,6000,34813.19
2026/01,DBN03,6100,14837.94
2026/01,DBN03,6200,3851.17
2026/01,DBN03,6300,1194.53
2026/01,DBN03,6400,4918.1
2026/01,DBN03,6500,1292.92
2026/01,DBN03,6600,792.41
2026/01,DBN03,7000,2971.55
2026/02,DBN03,6000,34057.63
2026/02,DBN03,6100,14837.94
2026/02,DBN03,6200,3454.57
2026/02,DBN03,6300,2364.1
2026/02,DBN03,6400,861.8
2026/02,DBN03,6500,1141.81
2026/02,DBN03,6600,792.41
2026/02,DBN03,7000,2971.55
2026/03,DBN03,6000,37164.82
2026/03,DBN03,6100,15876.59
2026/03,DBN03,6200,4587.53
2026/03,DBN03,6300,1554.51
2026/03,DBN03,6400,1174.71
2026/03,DBN03,6500,1423.07
2026/03,DBN03,6600,792.41
2026/03,DBN03,7000,2971.55
2026/04,DBN03,6000,36744.95
2026/04,DBN03,6100,15876.59
2026/04,DBN03,6200,4254.44
2026/04,DBN03,6300,2556.07
2026/04,DBN03,6400,1761.22
2026/04,DBN03,6500,1339.09
2026/04,DBN03,6600,792.41
2026/04,DBN03,7000,2971.55
2026/05,DBN03,6000,37004.86
2026/05,DBN03,6100,15876.59
2026/05,DBN03,6200,3658.06
2026/05,DBN03,6300,1641.38
2026/05,DBN03,6400,1808.84
2026/05,DBN03,6500,1391.07
2026/05,DBN03,6600,792.41
2026/05,DBN03,7000,2971.55
2026/06,DBN03,6000,36323.15
2026/06,DBN03,6100,15876.59
2026/06,DBN03,6200,3126.66
2026/06,DBN03,6300,1296.77
2026/06,DBN03,6400,509.78
2026/06,DBN03,6500,1254.73
2026/06,DBN03,6600,792.41
2026/06,DBN03,7000,2971.55
2026/07,DBN03,6000,36907.41
2026/07,DBN03,6100,15876.59
2026/07,DBN03,6200,4346.48
2026/07,DBN03,6300,1707.2
2026/07,DBN03,6400,1233.54
2026/07,DBN03,6500,1371.58
2026/07,DBN03,6600,792.41
2026/07,DBN03,7000,2971.55
2026/08,DBN03,6000,36882.16
2026/08,DBN03,6100,15876.59
2026/08,DBN03,6200,3553.18
2026/08,DBN03,6300,2781.96
2026/08,DBN03,6400,904.13
2026/08,DBN03,6500,1366.53
2026/08,DBN03,6600,792.41
2026/08,DBN03,7000,2971.55
2024/03,DBN04,6000,23445.6
2024/03,DBN04,6100,9648.84
2024/03,DBN04,6200,3697.22
2024/03,DBN04,6300,1804.96
2024/03,DBN04,6400,560.95
2024/03,DBN04,6500,1258.42
2024/03,DBN04,6600,857.67
2024/03,DBN04,7000,3216.28
2024/04,DBN04,6000,23118.01
2024/04,DBN04,6100,9648.84
2024/04,DBN04,6200,3595.59
2024/04,DBN04,6300,3125.08
2024/04,DBN04,6400,1411.64
2024/04,DBN04,6500,1192.9
2024/04,DBN04,6600,857.67
2024/04,DBN04,7000,3216.28
2024/05,DBN04,6000,23392.45
2024/05,DBN04,6100,9648.84
2024/05,DBN04,6200,3388.22
2024/05,DBN04,6300,3018.88
2024/05,DBN04,6400,1264.74
2024/05,DBN04,6500,1247.79
2024/05,DBN04,6600,857.67
2024/05,DBN04,7000,3216.28
2024/06,DBN04,6000,23140.55
2024/06,DBN04,6100,9648.84
2024/06,DBN04,6200,3569.61
2024/06,DBN04,6300,2156.37
2024/06,DBN04,6400,975.47
2024/06,DBN04,6500,1197.41
2024/06,DBN04,6600,857.67
2024/06,DBN04,7000,3216.28
2024/07,DBN04,6000,23027.7
2024/07,DBN04,6100,9648.84
2024/07,DBN04,6200,3291.71
2024/07,DBN04,6300,2907.96
2024/07,DBN04,6400,2043.6
2024/07,DBN04,6500,1174.84
2024/07,DBN04,6600,857.67
2024/07,DBN04,7000,3216.28
2024/08,DBN04,6000,23541.92
2024/08,DBN04,6100,9648.84
2024/08,DBN04,6200,4097.59
2024/08,DBN04,6300,3026.33
2024/08,DBN04,6400,860.63
2024/08,DBN04,6500,1277.69
2024/08,DBN04,6600,857.67
2024/08,DBN04,7000,3216.28
2024/09,DBN04,6000,23782.37
2024/09,DBN04,6100,9648.84
2024/09,DBN04,6200,4638.58
2024/09,DBN04,6300,2423.49
2024/09,DBN04,6400,960.29
2024/09,DBN04,6500,1325.78
2024/09,DBN04,6600,857.67
2024/09,DBN04,7000,3216.28
2024/10,DBN04,6000,23787.81
2024/10,DBN04,6100,9648.84
2024/10,DBN04,6200,3354.9
2024/10,DBN04,6300,1482.79
2024/10,DBN04,6400,2258.1
2024/10,DBN04,6500,1326.86
2024/10,DBN04,6600,857.67
2024/10,DBN04,7000,3216.28
2024/11,DBN04,6000,24134.23
2024/11,DBN04,6100,9648.84
2024/11,DBN04,6200,3816.63
2024/11,DBN04,6300,1799.31
2024/11,DBN04,6400,1307.59
2024/11,DBN04,6500,1396.15
2024/11,DBN04,6600,857.67
2024/11,DBN04,7000,3216.28
2024/12,DBN04,6000,25832.53
2024/12,DBN04,6100,9648.84
2024/12,DBN04,6200,5997.65
2024/12,DBN04,6300,2992.94
2024/12,DBN04,6400,3549.81
2024/12,DBN04,6500,1735.81
2024/12,DBN04,6600,857.67
2024/12,DBN04,7000,3216.28
2025/01,DBN04,6000,23094.47
2025/01,DBN04,6100,9648.84
2025/01,DBN04,6200,4086.76
2025/01,DBN04,6300,2346.39
2025/01,DBN04,6400,1697.81
2025/01,DBN04,6500,1188.2
2025/01,DBN04,6600,857.67
2025/01,DBN04,7000,3216.28
2025/02,DBN04,6000,22412.01
2025/02,DBN04,6100,9648.84
2025/02,DBN04,6200,3091.4
2025/02,DBN04,6300,2738.99
2025/02,DBN04,6400,1640.54
2025/02,DBN04,6500,1051.7
2025/02,DBN04,6600,857.67
2025/02,DBN04,7000,3216.28
2025/03,DBN04,6000,24797.76
2025/03,DBN04,6100,10324.26
2025/03,DBN04,6200,4531.65
2025/03,DBN04,6300,1532.19
2025/03,DBN04,6400,1222.67
2025/03,DBN04,6500,1323.01
2025/03,DBN04,6600,857.67
2025/03,DBN04,7000,3216.28
2025/04,DBN04,6000,24751.68
2025/04,DBN04,6100,10324.26
2025/04,DBN04,6200,4248.29
2025/04,DBN04,6300,3170.54
2025/04,DBN04,6400,556.95
2025/04,DBN04,6500,1313.8
2025/04,DBN04,6600,857.67
2025/04,DBN04,7000,3216.28
2025/05,DBN04,6000,24482.04
2025/05,DBN04,6100,10324.26
2025/05,DBN04,6200,3840.2
2025/05,DBN04,6300,2047.55
2025/05,DBN04,6400,798.84
2025/05,DBN04,6500,1259.87
2025/05,DBN04,6600,857.67
2025/05,DBN04,7000,3216.28
2025/06,DBN04,6000,24147.05
2025/06,DBN04,6100,10324.26
2025/06,DBN04,6200,4060.53
2025/06,DBN04,6300,2245.75
2025/06,DBN04,6400,752.78
2025/06,DBN04,6500,1192.87
2025/06,DBN04,6600,857.67
2025/06,DBN04,7000,3216.28
2025/07,DBN04,6000,24819.52
2025/07,DBN04,6100,10324.26
2025/07,DBN04,6200,3754.11
2025/07,DBN04,6300,1462.3
2025/07,DBN04,6400,843.27
2025/07,DBN04,6500,1327.36
2025/07,DBN04,6600,857.67
2025/07,DBN04,7000,3216.28
2025/08,DBN04,6000,25830.46
2025/08,DBN04,6100,10324.26
2025/08,DBN04,6200,5177.38
2025/08,DBN04,6300,2733.18
2025/08,DBN04,6400,1075.99
2025/08,DBN04,6500,1529.55
2025/08,DBN04,6600,857.67
2025/08,DBN04,7000,3216.28
2025/09,DBN04,6000,25947.67
2025/09,DBN04,6100,10324.26
2025/09,DBN04,6200,4447.6
2025/09,DBN04,6300,1939.17
2025/09,DBN04,6400,621.27
2025/09,DBN04,6500,1552.99
2025/09,DBN04,6600,857.67
2025/09,DBN04,7000,3216.28
2025/10,DBN04,6000,25819.99
2025/10,DBN04,6100,10324.26
2025/10,DBN04,6200,3983.1
2025/10,DBN04,6300,2257.95
2025/10,DBN04,6400,4002.93
2025/10,DBN04,6500,1527.46
2025/10,DBN04,6600,857.67
2025/10,DBN04,7000,3216.28
2025/11,DBN04,6000,25740.37
2025/11,DBN04,6100,10324.26
2025/11,DBN04,6200,4165.54
2025/11,DBN04,6300,1765.97
2025/11,DBN04,6400,1035.31
2025/11,DBN04,6500,1511.53
2025/11,DBN04,6600,857.67
2025/11,DBN04,7000,3216.28
2025/12,DBN04,6000,27171.19
2025/12,DBN04,6100,10324.26
2025/12,DBN04,6200,6014.25
2025/12,DBN04,6300,2970.99
2025/12,DBN04,6400,1190.26
2025/12,DBN04,6500,1797.7
2025/12,DBN04,6600,857.67
2025/12,DBN04,7000,3216.28
2026/01,DBN04,6000,24528.59
2026/01,DBN04,6100,10324.26
2026/01,DBN04,6200,3653.76
2026/01,DBN04,6300,3075.07
2026/01,DBN04,6400,738.41
2026/01,DBN04,6500,1269.18
2026/01,DBN04,6600,857.67
2026/01,DBN04,7000,3216.28
2026/02,DBN04,6000,24516.63
2026/02,DBN04,6100,10324.26
2026/02,DBN04,6200,4022.62
2026/02,DBN04,6300,3103.37
2026/02,DBN04,6400,2737.38
2026/02,DBN04,6500,1266.79
2026/02,DBN04,6600,857.67
2026/02,DBN04,7000,3216.28
2026/03,DBN04,6000,26572.94
2026/03,DBN04,6100,11046.96
2026/03,DBN04,6200,4300.76
2026/03,DBN04,6300,2350.78
2026/03,DBN04,6400,1653.53
2026/03,DBN04,6500,1459.86
2026/03,DBN04,6600,857.67
2026/03,DBN04,7000,3216.28
2026/04,DBN04,6000,26768.6
2026/04,DBN04,6100,11046.96
2026/04,DBN04,6200,4101.54
2026/04,DBN04,6300,2514.41
2026/04,DBN04,6400,1682.91
2026/04,DBN04,6500,1498.99
2026/04,DBN04,6600,857.67
2026/04,DBN04,7000,3216.28
2026/05,DBN04,6000,26517.77
2026/05,DBN04,6100,11046.96
2026/05,DBN04,6200,4367.52
2026/05,DBN04,6300,2411.36
2026/05,DBN04,6400,1082.02
2026/05,DBN04,6500,1448.82
2026/05,DBN04,6600,857.67
2026/05,DBN04,7000,3216.28
2026/06,DBN04,6000,26304.34
2026/06,DBN04,6100,11046.96
2026/06,DBN04,6200,3501.06
2026/06,DBN04,6300,1868.38
2026/06,DBN04,6400,407.49
2026/06,DBN04,6500,1406.13
2026/06,DBN04,6600,857.67
2026/06,DBN04,7000,3216.28
2026/07,DBN04,6000,26535.64
2026/07,DBN04,6100,11046.96
2026/07,DBN04,6200,4911.06
2026/07,DBN04,6300,2203.74
2026/07,DBN04,6400,842.75
2026/07,DBN04,6500,1452.4
2026/07,DBN04,6600,857.67
2026/07,DBN04,7000,3216.28
2026/08,DBN04,6000,26680.69
2026/08,DBN04,6100,11046.96
2026/08,DBN04,6200,4738.28
2026/08,DBN04,6300,1879.72
2026/08,DBN04,6400,409.53
2026/08,DBN04,6500,1481.41
2026/08,DBN04,6600,857.67
2026/08,DBN04,7000,3216.28
2024/03,DBN05,6000,27034.58
2024/03,DBN05,6100,10958.14
2024/03,DBN05,6200,4392.98
2024/03,DBN05,6300,2024.89
2024/03,DBN05,6400,1044.51
2024/03,DBN05,6500,1510.69
2024/03,DBN05,6600,974.06
2024/03,DBN05,7000,3652.71
2024/04,DBN05,6000,26460.12
2024/04,DBN05,6100,10958.14
2024/04,DBN05,6200,3742.65
2024/04,DBN05,6300,3207.95
2024/04,DBN05,6400,2609.51
2024/04,DBN05,6500,1395.8
2024/04,DBN05,6600,974.06
2024/04,DBN05,7000,3652.71
2024/05,DBN05,6000,26283.27
2024/05,DBN05,6100,10958.14
2024/05,DBN05,6200,4719.64
2024/05,DBN05,6300,2144.25
2024/05,DBN05,6400,2407.95
2024/05,DBN05,6500,1360.43
2024/05,DBN05,6600,974.06
2024/05,DBN05,7000,3652.71
2024/06,DBN05,6000,26335.13
2024/06,DBN05,6100,10958.14
2024/06,DBN05,6200,4462.61
2024/06,DBN05,6300,2107.47
2024/06,DBN05,6400,4286.51
2024/06,DBN05,6500,1370.8
2024/06,DBN05,6600,974.06
2024/06,DBN05,7000,3652.71
2024/07,DBN05,6000,26326.05
2024/07,DBN05,6100,10958.14
2024/07,DBN05,6200,3706.03
2024/07,DBN05,6300,2375.06
2024/07,DBN05,6400,725.47
2024/07,DBN05,6500,1368.98
2024/07,DBN05,6600,974.06
2024/07,DBN05,7000,3652.71
2024/08,DBN05,6000,26941.33
2024/08,DBN05,6100,10958.14
2024/08,DBN05,6200,5182.71
2024/08,DBN05,6300,1772.1
2024/08,DBN05,6400,415.27
2024/08,DBN05,6500,1492.04
2024/08,DBN05,6600,974.06
2024/08,DBN05,7000,3652.71
2024/09,DBN05,6000,27368.06
2024/09,DBN05,6100,10958.14
2024/09,DBN05,6200,5090.46
2024/09,DBN05,6300,3647.3
2024/09,DBN05,6400,3164.11
2024/09,DBN05,6500,1577.38
2024/09,DBN05,6600,974.06
2024/09,DBN05,7000,3652.71
2024/10,DBN05,6000,26849.8
2024/10,DBN05,6100,10958.14
2024/10,DBN05,6200,5061.6
2024/10,DBN05,6300,3096.72
2024/10,DBN05,6400,1157.63
2024/10,DBN05,6500,1473.73
2024/10,DBN05,6600,974.06
2024/10,DBN05,7000,3652.71
2024/11,DBN05,6000,27110.41
2024/11,DBN05,6100,10958.14
2024/11,DBN05,6200,4046.5
2024/11,DBN05,6300,1467.38
2024/11,DBN05,6400,971.86
2024/11,DBN05,6500,1525.86
2024/11,DBN05,6600,974.06
2024/11,DBN05,7000,3652.71
2024/12,DBN05,6000,28737.15
2024/12,DBN05,6100,10958.14
2024/12,DBN05,6200,4823.22
2024/12,DBN05,6300,3574.41
2024/12,DBN05,6400,846.23
2024/12,DBN05,6500,1851.2
2024/12,DBN05,6600,974.06
2024/12,DBN05,7000,3652.71
2025/01,DBN05,6000,26176.36
2025/01,DBN05,6100,10958.14
2025/01,DBN05,6200,4443.35
2025/01,DBN05,6300,2408.85
2025/01,DBN05,6400,522.66
2025/01,DBN05,6500,1339.04
2025/01,DBN05,6600,974.06
2025/01,DBN05,7000,3652.71
2025/02,DBN05,6000,25892.75
2025/02,DBN05,6100,10958.14
2025/02,DBN05,6200,4382.76
2025/02,DBN05,6300,1884.13
2025/02,DBN05,6400,300.16
2025/02,DBN05,6500,1282.32
2025/02,DBN05,6600,974.06
2025/02,DBN05,7000,3652.71
2025/03,DBN05,6000,28127.19
2025/03,DBN05,6100,11725.21
2025/03,DBN05,6200,4334.56
2025/03,DBN05,6300,3240.3
2025/03,DBN05,6400,2881.01
2025/03,DBN05,6500,1495.44
2025/03,DBN05,6600,974.06
2025/03,DBN05,7000,3652.71
2025/04,DBN05,6000,27656.62
2025/04,DBN05,6100,11725.21
2025/04,DBN05,6200,4759.51
2025/04,DBN05,6300,2204.2
2025/04,DBN05,6400,1767.51
2025/04,DBN05,6500,1401.32
2025/04,DBN05,6600,974.06
2025/04,DBN05,7000,3652.71
2025/05,DBN05,6000,27796.8
2025/05,DBN05,6100,11725.21
2025/05,DBN05,6200,4005.41
2025/05,DBN05,6300,2065.16
2025/05,DBN05,6400,5728.97
2025/05,DBN05,6500,1429.36
2025/05,DBN05,6600,974.06
2025/05,DBN05,7000,3652.71
2025/06,DBN05,6000,27638.28
2025/06,DBN05,6100,11725.21
2025/06,DBN05,6200,3499.63
2025/06,DBN05,6300,1973.63
2025/06,DBN05,6400,733.33
2025/06,DBN05,6500,1397.65
2025/06,DBN05,6600,974.06
2025/06,DBN05,7000,3652.71
2025/07,DBN05,6000,28344.66
2025/07,DBN05,6100,11725.21
2025/07,DBN05,6200,4422.48
2025/07,DBN05,6300,2011.29
2025/07,DBN05,6400,1237.48
2025/07,DBN05,6500,1538.93
2025/07,DBN05,6600,974.06
2025/07,DBN05,7000,3652.71
2025/08,DBN05,6000,28754.61
2025/08,DBN05,6100,11725.21
2025/08,DBN05,6200,4321.24
2025/08,DBN05,6300,3220.02
2025/08,DBN05,6400,7352.09
2025/08,DBN05,6500,1620.92
2025/08,DBN05,6600,974.06
2025/08,DBN05,7000,3652.71
2025/09,DBN05,6000,28249.79
2025/09,DBN05,6100,11725.21
2025/09,DBN05,6200,4710.46
2025/09,DBN05,6300,2179.5
2025/09,DBN05,6400,1040.4
2025/09,DBN05,6500,1519.96
2025/09,DBN05,6600,974.06
2025/09,DBN05,7000,3652.71
2025/10,DBN05,6000,29574.07
2025/10,DBN05,6100,11725.21
2025/10,DBN05,6200,4568.82
2025/10,DBN05,6300,1893.52
2025/10,DBN05,6400,2187.24
2025/10,DBN05,6500,1784.81
2025/10,DBN05,6600,974.06
2025/10,DBN05,7000,3652.71
2025/11,DBN05,6000,29437.16
2025/11,DBN05,6100,11725.21
2025/11,DBN05,6200,4417.72
2025/11,DBN05,6300,2672.17
2025/11,DBN05,6400,1073.5
2025/11,DBN05,6500,1757.43
2025/11,DBN05,6600,974.06
2025/11,DBN05,7000,3652.71
2025/12,DBN05,6000,31635.41
2025/12,DBN05,6100,11725.21
2025/12,DBN05,6200,6564.94
2025/12,DBN05,6300,3016.64
2025/12,DBN05,6400,1344.49
2025/12,DBN05,6500,2197.08
2025/12,DBN05,6600,974.06
2025/12,DBN05,7000,3652.71
2026/01,DBN05,6000,27848.67
2026/01,DBN05,6100,11725.21
2026/01,DBN05,6200,4481.02
2026/01,DBN05,6300,2938.48
2026/01,DBN05,6400,1829.16
2026/01,DBN05,6500,1439.73
2026/01,DBN05,6600,974.06
2026/01,DBN05,7000,3652.71
2026/02,DBN05,6000,28085.65
2026/02,DBN05,6100,11725.21
2026/02,DBN05,6200,4132.83
2026/02,DBN05,6300,2703.48
2026/02,DBN05,6400,816.11
2026/02,DBN05,6500,1487.13
2026/02,DBN05,6600,974.06
2026/02,DBN05,7000,3652.71
2026/03,DBN05,6000,30454.23
2026/03,DBN05,6100,12545.97
2026/03,DBN05,6200,4679.61
2026/03,DBN05,6300,1998.78
2026/03,DBN05,6400,1679.88
2026/03,DBN05,6500,1713.05
2026/03,DBN05,6600,974.06
2026/03,DBN05,7000,3652.71
2026/04,DBN05,6000,30044.06
2026/04,DBN05,6100,12545.97
2026/04,DBN05,6200,5695.96
2026/04,DBN05,6300,2572.95
2026/04,DBN05,6400,271.23
2026/04,DBN05,6500,1631.01
2026/04,DBN05,6600,974.06
2026/04,DBN05,7000,3652.71
2026/05,DBN05,6000,30410.89
2026/05,DBN05,6100,12545.97
2026/05,DBN05,6200,5949.59
2026/05,DBN05,6300,1685.36
2026/05,DBN05,6400,1235.71
2026/05,DBN05,6500,1704.38
2026/05,DBN05,6600,974.06
2026/05,DBN05,7000,3652.71
2026/06,DBN05,6000,29648.01
2026/06,DBN05,6100,12545.97
2026/06,DBN05,6200,5295.66
2026/06,DBN05,6300,1549.54
2026/06,DBN05,6400,1102.83
2026/06,DBN05,6500,1551.8
2026/06,DBN05,6600,974.06
2026/06,DBN05,7000,3652.71
2026/07,DBN05,6000,29940.54
2026/07,DBN05,6100,12545.97
2026/07,DBN05,6200,5591.63
2026/07,DBN05,6300,2739.23
2026/07,DBN05,6400,3327.01
2026/07,DBN05,6500,1610.31
2026/07,DBN05,6600,974.06
2026/07,DBN05,7000,3652.71
2026/08,DBN05,6000,30497.62
2026/08,DBN05,6100,12545.97
2026/08,DBN05,6200,5057.8
2026/08,DBN05,6300,2030.8
2026/08,DBN05,6400,452.46
2026/08,DBN05,6500,1721.72
2026/08,DBN05,6600,974.06
2026/08,DBN05,7000,3652.71
2024/03,DBN06,6000,17368.84
2024/03,DBN06,6100,7141.94
2024/03,DBN06,6200,2524.17
2024/03,DBN06,6300,1478.92
2024/03,DBN06,6400,554.36
2024/03,DBN06,6500,934.41
2024/03,DBN06,6600,634.84
2024/03,DBN06,7000,2380.65
2024/04,DBN06,6000,16918.23
2024/04,DBN06,6100,7141.94
2024/04,DBN06,6200,2609.76
2024/04,DBN06,6300,1883.06
2024/04,DBN06,6400,499.67
2024/04,DBN06,6500,844.29
2024/04,DBN06,6600,634.84
2024/04,DBN06,7000,2380.65
2024/05,DBN06,6000,17131.55
2024/05,DBN06,6100,7141.94
2024/05,DBN06,6200,2481.58
2024/05,DBN06,6300,1242.8
2024/05,DBN06,6400,2086.86
2024/05,DBN06,6500,886.95
2024/05,DBN06,6600,634.84
2024/05,DBN06,7000,2380.65
2024/06,DBN06,6000,17227.22
2024/06,DBN06,6100,7141.94
2024/06,DBN06,6200,2340.12
2024/06,DBN06,6300,1516.9
2024/06,DBN06,6400,1125.19
2024/06,DBN06,6500,906.09
2024/06,DBN06,6600,634.84
2024/06,DBN06,7000,2380.65
2024/07,DBN06,6000,17245.04
2024/07,DBN06,6100,7141.94
2024/07,DBN06,6200,2407.18
2024/07,DBN06,6300,1945.57
2024/07,DBN06,6400,818.67
2024/07,DBN06,6500,909.65
2024/07,DBN06,6600,634.84
2024/07,DBN06,7000,2380.65
2024/08,DBN06,6000,17496.3
2024/08,DBN06,6100,7141.94
2024/08,DBN06,6200,3313.79
2024/08,DBN06,6300,1398.43
2024/08,DBN06,6400,1078.26
2024/08,DBN06,6500,959.9
2024/08,DBN06,6600,634.84
2024/08,DBN06,7000,2380.65
2024/09,DBN06,6000,17627.0
2024/09,DBN06,6100,7141.94
2024/09,DBN06,6200,3314.5
2024/09,DBN06,6300,2375.82
2024/09,DBN06,6400,776.72
2024/09,DBN06,6500,986.04
2024/09,DBN06,6600,634.84
2024/09,DBN06,7000,2380.65
2024/10,DBN06,6000,17113.57
2024/10,DBN06,6100,7141.94
2024/10,DBN06,6200,2373.65
2024/10,DBN06,6300,960.65
2024/10,DBN06,6400,2199.13
2024/10,DBN06,6500,883.36
2024/10,DBN06,6600,634.84
2024/10,DBN06,7000,2380.65
2024/11,DBN06,6000,17840.46
2024/11,DBN06,6100,7141.94
2024/11,DBN06,6200,2977.01
2024/11,DBN06,6300,2213.29
2024/11,DBN06,6400,900.35
2024/11,DBN06,6500,1028.74
2024/11,DBN06,6600,634.84
2024/11,DBN06,7000,2380.65
2024/12,DBN06,6000,18966.81
2024/12,DBN06,6100,7141.94
2024/12,DBN06,6200,3814.94
2024/12,DBN06,6300,1867.38
2024/12,DBN06,6400,1202.39
2024/12,DBN06,6500,1254.01
2024/12,DBN06,6600,634.84
2024/12,DBN06,7000,2380.65
2025/01,DBN06,6000,17154.51
2025/01,DBN06,6100,7141.94
2025/01,DBN06,6200,2343.06
2025/01,DBN06,6300,1356.91
2025/01,DBN06,6400,1339.29
2025/01,DBN06,6500,891.54
2025/01,DBN06,6600,634.84
2025/01,DBN06,7000,2380.65
2025/02,DBN06,6000,16761.35
2025/02,DBN06,6100,7141.94
2025/02,DBN06,6200,2422.4
2025/02,DBN06,6300,2101.84
2025/02,DBN06,6400,2872.27
2025/02,DBN06,6500,812.91
2025/02,DBN06,6600,634.84
2025/02,DBN06,7000,2380.65
2025/03,DBN06,6000,18776.69
2025/03,DBN06,6100,7641.88
2025/03,DBN06,6200,3642.51
2025/03,DBN06,6300,1506.32
2025/03,DBN06,6400,3420.02
2025/03,DBN06,6500,1063.62
2025/03,DBN06,6600,634.84
2025/03,DBN06,7000,2380.65
2025/04,DBN06,6000,18404.9
2025/04,DBN06,6100,7641.88
2025/04,DBN06,6200,2614.4
2025/04,DBN06,6300,2074.72
2025/04,DBN06,6400,543.7
2025/04,DBN06,6500,989.26
2025/04,DBN06,6600,634.84
2025/04,DBN06,7000,2380.65
2025/05,DBN06,6000,18475.43
2025/05,DBN06,6100,7641.88
2025/05,DBN06,6200,3336.83
2025/05,DBN06,6300,1213.6
2025/05,DBN06,6400,541.82
2025/05,DBN06,6500,1003.37
2025/05,DBN06,6600,634.84
2025/05,DBN06,7000,2380.65
2025/06,DBN06,6000,17772.84
2025/06,DBN06,6100,7641.88
2025/06,DBN06,6200,2477.01
2025/06,DBN06,6300,1128.03
2025/06,DBN06,6400,315.69
2025/06,DBN06,6500,862.85
2025/06,DBN06,6600,634.84
2025/06,DBN06,7000,2380.65
2025/07,DBN06,6000,18292.4
2025/07,DBN06,6100,7641.88
2025/07,DBN06,6200,2437.33
2025/07,DBN06,6300,1755.5
2025/07,DBN06,6400,1508.95
2025/07,DBN06,6500,966.76
2025/07,DBN06,6600,634.84
2025/07,DBN06,7000,2380.65
2025/08,DBN06,6000,18895.35
2025/08,DBN06,6100,7641.88
2025/08,DBN06,6200,3306.29
2025/08,DBN06,6300,1847.92
2025/08,DBN06,6400,637.5
2025/08,DBN06,6500,1087.35
2025/08,DBN06,6600,634.84
2025/08,DBN06,7000,2380.65
2025/09,DBN06,6000,18677.26
2025/09,DBN06,6100,7641.88
2025/09,DBN06,6200,3041.2
2025/09,DBN06,6300,1893.34
2025/09,DBN06,6400,849.86
2025/09,DBN06,6500,1043.73
2025/09,DBN06,6600,634.84
2025/09,DBN06,7000,2380.65
2025/10,DBN06,6000,19151.68
2025/10,DBN06,6100,7641.88
2025/10,DBN06,6200,3542.19
2025/10,DBN06,6300,1651.46
2025/10,DBN06,6400,248.18
2025/10,DBN06,6500,1138.62
2025/10,DBN06,6600,634.84
2025/10,DBN06,7000,2380.65
2025/11,DBN06,6000,19324.46
2025/11,DBN06,6100,7641.88
2025/11,DBN06,6200,3457.35
2025/11,DBN06,6300,1208.75
2025/11,DBN06,6400,918.57
2025/11,DBN06,6500,1173.17
2025/11,DBN06,6600,634.84
2025/11,DBN06,7000,2380.65
2025/12,DBN06,6000,20773.51
2025/12,DBN06,6100,7641.88
2025/12,DBN06,6200,4270.06
2025/12,DBN06,6300,1083.26
2025/12,DBN06,6400,825.98
2025/12,DBN06,6500,1462.98
2025/12,DBN06,6600,634.84
2025/12,DBN06,7000,2380.65
2026/01,DBN06,6000,18375.06
2026/01,DBN06,6100,7641.88
2026/01,DBN06,6200,3076.59
2026/01,DBN06,6300,1069.73
2026/01,DBN06,6400,3360.15
2026/01,DBN06,6500,983.29
2026/01,DBN06,6600,634.84
2026/01,DBN06,7000,2380.65
2026/02,DBN06,6000,17985.49
2026/02,DBN06,6100,7641.88
2026/02,DBN06,6200,2294.74
2026/02,DBN06,6300,1672.06
2026/02,DBN06,6400,1522.29
2026/02,DBN06,6500,905.38
2026/02,DBN06,6600,634.84
2026/02,DBN06,7000,2380.65
2026/03,DBN06,6000,19476.3
2026/03,DBN06,6100,8176.81
2026/03,DBN06,6200,3106.61
2026/03,DBN06,6300,2318.71
2026/03,DBN06,6400,426.25
2026/03,DBN06,6500,1042.04
2026/03,DBN06,6600,634.84
2026/03,DBN06,7000,2380.65
2026/04,DBN06,6000,19596.58
2026/04,DBN06,6100,8176.81
2026/04,DBN06,6200,2815.82
2026/04,DBN06,6300,2232.86
2026/04,DBN06,6400,219.93
2026/04,DBN06,6500,1066.1
2026/04,DBN06,6600,634.84
2026/04,DBN06,7000,2380.65
2026/05,DBN06,6000,20152.98
2026/05,DBN06,6100,8176.81
2026/05,DBN06,6200,3522.53
2026/05,DBN06,6300,2266.24
2026/05,DBN06,6400,592.09
2026/05,DBN06,6500,1177.37
2026/05,DBN06,6600,634.84
2026/05,DBN06,7000,2380.65
2026/06,DBN06,6000,19265.26
2026/06,DBN06,6100,8176.81
2026/06,DBN06,6200,2804.42
2026/06,DBN06,6300,1004.87
2026/06,DBN06,6400,604.07
2026/06,DBN06,6500,999.83
2026/06,DBN06,6600,634.84
2026/06,DBN06,7000,2380.65
2026/07,DBN06,6000,19379.14
2026/07,DBN06,6100,8176.81
2026/07,DBN06,6200,3244.74
2026/07,DBN06,6300,2231.26
2026/07,DBN06,6400,355.61
2026/07,DBN06,6500,1022.61
2026/07,DBN06,6600,634.84
2026/07,DBN06,7000,2380.65
2026/08,DBN06,6000,19509.65
2026/08,DBN06,6100,8176.81
2026/08,DBN06,6200,2985.09
2026/08,DBN06,6300,2199.17
2026/08,DBN06,6400,1115.02
2026/08,DBN06,6500,1048.71
2026/08,DBN06,6600,634.84
2026/08,DBN06,7000,2380.65
2025/06,DBN07,6000,24012.37
2025/06,DBN07,6100,11658.04
2025/06,DBN07,6200,1800.17
2025/06,DBN07,6300,3616.43
2025/06,DBN07,6400,1878.95
2025/06,DBN07,6500,696.13
2025/06,DBN07,6600,968.48
2025/06,DBN07,7000,3631.79
2025/06,DBN07,7100,1452.71
2025/07,DBN07,6000,25095.53
2025/07,DBN07,6100,11658.04
2025/07,DBN07,6200,2509.59
2025/07,DBN07,6300,3611.08
2025/07,DBN07,6400,1679.75
2025/07,DBN07,6500,912.77
2025/07,DBN07,6600,968.48
2025/07,DBN07,7000,3631.79
2025/07,DBN07,7100,1452.71
2025/08,DBN07,6000,26249.1
2025/08,DBN07,6100,11658.04
2025/08,DBN07,6200,3351.15
2025/08,DBN07,6300,1837.88
2025/08,DBN07,6400,1975.46
2025/08,DBN07,6500,1143.48
2025/08,DBN07,6600,968.48
2025/08,DBN07,7000,3631.79
2025/08,DBN07,7100,1452.71
2025/09,DBN07,6000,27224.15
2025/09,DBN07,6100,11658.04
2025/09,DBN07,6200,3664.93
2025/09,DBN07,6300,2845.66
2025/09,DBN07,6400,1933.69
2025/09,DBN07,6500,1338.49
2025/09,DBN07,6600,968.48
2025/09,DBN07,7000,3631.79
2025/09,DBN07,7100,1452.71
2025/10,DBN07,6000,28610.53
2025/10,DBN07,6100,11658.04
2025/10,DBN07,6200,4061.49
2025/10,DBN07,6300,1778.19
2025/10,DBN07,6400,1856.87
2025/10,DBN07,6500,1615.77
2025/10,DBN07,6600,968.48
2025/10,DBN07,7000,3631.79
2025/10,DBN07,7100,1452.71
2025/11,DBN07,6000,28369.74
2025/11,DBN07,6100,11658.04
2025/11,DBN07,6200,5319.47
2025/11,DBN07,6300,1740.4
2025/11,DBN07,6400,565.11
2025/11,DBN07,6500,1567.61
2025/11,DBN07,6600,968.48
2025/11,DBN07,7000,3631.79
2025/11,DBN07,7100,1452.71
2025/12,DBN07,6000,30116.94
2025/12,DBN07,6100,11658.04
2025/12,DBN07,6200,4757.8
2025/12,DBN07,6300,2226.2
2025/12,DBN07,6400,696.35
2025/12,DBN07,6500,1917.05
2025/12,DBN07,6600,968.48
2025/12,DBN07,7000,3631.79
2025/12,DBN07,7100,1452.71
2026/01,DBN07,6000,27457.37
2026/01,DBN07,6100,11658.04
2026/01,DBN07,6200,4259.17
2026/01,DBN07,6300,2736.39
2026/01,DBN07,6400,564.87
2026/01,DBN07,6500,1385.13
2026/01,DBN07,6600,968.48
2026/01,DBN07,7000,3631.79
2026/01,DBN07,7100,1452.71
2026/02,DBN07,6000,27398.05
2026/02,DBN07,6100,11658.04
2026/02,DBN07,6200,3593.46
2026/02,DBN07,6300,3493.61
2026/02,DBN07,6400,1011.54
2026/02,DBN07,6500,1373.27
2026/02,DBN07,6600,968.48
2026/02,DBN07,7000,3631.79
2026/02,DBN07,7100,1452.71
2026/03,DBN07,6000,29620.18
2026/03,DBN07,6100,12474.1
2026/03,DBN07,6200,4919.28
2026/03,DBN07,6300,3351.31
2026/03,DBN07,6400,2559.98
2026/03,DBN07,6500,1571.32
2026/03,DBN07,6600,968.48
2026/03,DBN07,7000,3631.79
2026/03,DBN07,7100,1452.71
2026/04,DBN07,6000,29352.69
2026/04,DBN07,6100,12474.1
2026/04,DBN07,6200,3780.74
2026/04,DBN07,6300,2858.1
2026/04,DBN07,6400,1630.11
2026/04,DBN07,6500,1517.82
2026/04,DBN07,6600,968.48
2026/04,DBN07,7000,3631.79
2026/04,DBN07,7100,1452.71
2026/05,DBN07,6000,29671.11
2026/05,DBN07,6100,12474.1
2026/05,DBN07,6200,4637.23
2026/05,DBN07,6300,3494.85
2026/05,DBN07,6400,2109.8
2026/05,DBN07,6500,1581.5
2026/05,DBN07,6600,968.48
2026/05,DBN07,7000,3631.79
2026/05,DBN07,7100,1452.71
2026/06,DBN07,6000,29305.5
2026/06,DBN07,6100,12474.1
2026/06,DBN07,6200,3807.28
2026/06,DBN07,6300,2610.95
2026/06,DBN07,6400,1252.75
2026/06,DBN07,6500,1508.38
2026/06,DBN07,6600,968.48
2026/06,DBN07,7000,3631.79
2026/06,DBN07,7100,1452.71
2026/07,DBN07,6000,28988.41
2026/07,DBN07,6100,12474.1
2026/07,DBN07,6200,4731.19
2026/07,DBN07,6300,1479.63
2026/07,DBN07,6400,4089.87
2026/07,DBN07,6500,1444.96
2026/07,DBN07,6600,968.48
2026/07,DBN07,7000,3631.79
2026/07,DBN07,7100,1452.71
2026/08,DBN07,6000,29309.64
2026/08,DBN07,6100,12474.1
2026/08,DBN07,6200,4048.96
2026/08,DBN07,6300,2777.77
2026/08,DBN07,6400,1486.93
2026/08,DBN07,6500,1509.21
2026/08,DBN07,6600,968.48
2026/08,DBN07,7000,3631.79
2026/08,DBN07,7100,1452.71
2024/03,DBN08,6000,33007.21
2024/03,DBN08,6100,13483.68
2024/03,DBN08,6200,4802.65
2024/03,DBN08,6300,2632.15
2024/03,DBN08,6400,1397.24
2024/03,DBN08,6500,1807.24
2024/03,DBN08,6600,1198.55
2024/03,DBN08,7000,4494.56
2024/04,DBN08,6000,32563.42
2024/04,DBN08,6100,13483.68
2024/04,DBN08,6200,5633.98
2024/04,DBN08,6300,3727.06
2024/04,DBN08,6400,3118.03
2024/04,DBN08,6500,1718.49
2024/04,DBN08,6600,1198.55
2024/04,DBN08,7000,4494.56
2024/05,DBN08,6000,32781.78
2024/05,DBN08,6100,13483.68
2024/05,DBN08,6200,5182.65
2024/05,DBN08,6300,2407.15
2024/05,DBN08,6400,969.62
2024/05,DBN08,6500,1762.16
2024/05,DBN08,6600,1198.55
2024/05,DBN08,7000,4494.56
2024/06,DBN08,6000,31881.14
2024/06,DBN08,6100,13483.68
2024/06,DBN08,6200,4463.97
2024/06,DBN08,6300,3819.44
2024/06,DBN08,6400,8178.04
2024/06,DBN08,6500,1582.03
2024/06,DBN08,6600,1198.55
2024/06,DBN08,7000,4494.56
2024/07,DBN08,6000,32683.17
2024/07,DBN08,6100,13483.68
2024/07,DBN08,6200,4792.91
2024/07,DBN08,6300,3291.24
2024/07,DBN08,6400,1250.54
2024/07,DBN08,6500,1742.44
2024/07,DBN08,6600,1198.55
2024/07,DBN08,7000,4494.56
2024/08,DBN08,6000,32530.78
2024/08,DBN08,6100,13483.68
2024/08,DBN08,6200,4707.87
2024/08,DBN08,6300,3529.14
2024/08,DBN08,6400,1233.51
2024/08,DBN08,6500,1711.96
2024/08,DBN08,6600,1198.55
2024/08,DBN08,7000,4494.56
2024/09,DBN08,6000,32954.22
2024/09,DBN08,6100,13483.68
2024/09,DBN08,6200,6186.84
2024/09,DBN08,6300,3810.0
2024/09,DBN08,6400,317.16
2024/09,DBN08,6500,1796.65
2024/09,DBN08,6600,1198.55
2024/09,DBN08,7000,4494.56
2024/10,DBN08,6000,33241.87
2024/10,DBN08,6100,13483.68
2024/10,DBN08,6200,5049.51
2024/10,DBN08,6300,4245.3
2024/10,DBN08,6400,2996.81
2024/10,DBN08,6500,1854.18
2024/10,DBN08,6600,1198.55
2024/10,DBN08,7000,4494.56
2024/11,DBN08,6000,33886.52
2024/11,DBN08,6100,13483.68
2024/11,DBN08,6200,6898.39
2024/11,DBN08,6300,3063.92
2024/11,DBN08,6400,6928.86
2024/11,DBN08,6500,1983.11
2024/11,DBN08,6600,1198.55
2024/11,DBN08,7000,4494.56
2024/12,DBN08,6000,36114.89
2024/12,DBN08,6100,13483.68
2024/12,DBN08,6200,7105.37
2024/12,DBN08,6300,3751.94
2024/12,DBN08,6400,2031.14
2024/12,DBN08,6500,2428.78
2024/12,DBN08,6600,1198.55
2024/12,DBN08,7000,4494.56
2025/01,DBN08,6000,32070.09
2025/01,DBN08,6100,13483.68
2025/01,DBN08,6200,5045.35
2025/01,DBN08,6300,2007.64
2025/01,DBN08,6400,3946.56
2025/01,DBN08,6500,1619.82
2025/01,DBN08,6600,1198.55
2025/01,DBN08,7000,4494.56
2025/02,DBN08,6000,31624.33
2025/02,DBN08,6100,13483.68
2025/02,DBN08,6200,3839.68
2025/02,DBN08,6300,1910.14
2025/02,DBN08,6400,3381.71
2025/02,DBN08,6500,1530.67
2025/02,DBN08,6600,1198.55
2025/02,DBN08,7000,4494.56
2025/03,DBN08,6000,34627.3
2025/03,DBN08,6100,14427.54
2025/03,DBN08,6200,5957.26
2025/03,DBN08,6300,1975.18
2025/03,DBN08,6400,2132.39
2025/03,DBN08,6500,1843.61
2025/03,DBN08,6600,1198.55
2025/03,DBN08,7000,4494.56
2025/04,DBN08,6000,34603.79
2025/04,DBN08,6100,14427.54
2025/04,DBN08,6200,6097.46
2025/04,DBN08,6300,4201.37
2025/04,DBN08,6400,992.6
2025/04,DBN08,6500,1838.91
2025/04,DBN08,6600,1198.55
2025/04,DBN08,7000,4494.56
2025/05,DBN08,6000,34493.63
2025/05,DBN08,6100,14427.54
2025/05,DBN08,6200,4568.19
2025/05,DBN08,6300,4083.89
2025/05,DBN08,6400,5006.89
2025/05,DBN08,6500,1816.88
2025/05,DBN08,6600,1198.55
2025/05,DBN08,7000,4494.56
2025/06,DBN08,6000,34024.09
2025/06,DBN08,6100,14427.54
2025/06,DBN08,6200,5382.32
2025/06,DBN08,6300,2572.77
2025/06,DBN08,6400,2652.04
2025/06,DBN08,6500,1722.97
2025/06,DBN08,6600,1198.55
2025/06,DBN08,7000,4494.56
2025/07,DBN08,6000,34719.06
2025/07,DBN08,6100,14427.54
2025/07,DBN08,6200,5421.59
2025/07,DBN08,6300,1854.24
2025/07,DBN08,6400,1196.4
2025/07,DBN08,6500,1861.96
2025/07,DBN08,6600,1198.55
2025/07,DBN08,7000,4494.56
2025/08,DBN08,6000,35684.19
2025/08,DBN08,6100,14427.54
2025/08,DBN08,6200,5866.7
2025/08,DBN08,6300,2663.01
2025/08,DBN08,6400,5525.5
2025/08,DBN08,6500,2054.99
2025/08,DBN08,6600,1198.55
2025/08,DBN08,7000,4494.56
2025/09,DBN08,6000,35320.07
2025/09,DBN08,6100,14427.54
2025/09,DBN08,6200,6165.18
2025/09,DBN08,6300,1881.37
2025/09,DBN08,6400,1493.35
2025/09,DBN08,6500,1982.17
2025/09,DBN08,6600,1198.55
2025/09,DBN08,7000,4494.56
2025/10,DBN08,6000,35900.39
2025/10,DBN08,6100,14427.54
2025/10,DBN08,6200,5944.64
2025/10,DBN08,6300,3698.1
2025/10,DBN08,6400,1905.3
2025/10,DBN08,6500,2098.23
2025/10,DBN08,6600,1198.55
2025/10,DBN08,7000,4494.56
2025/11,DBN08,6000,36574.95
2025/11,DBN08,6100,14427.54
2025/11,DBN08,6200,5743.52
2025/11,DBN08,6300,4008.64
2025/11,DBN08,6400,399.32
2025/11,DBN08,6500,2233.14
2025/11,DBN08,6600,1198.55
2025/11,DBN08,7000,4494.56
2025/12,DBN08,6000,37765.02
2025/12,DBN08,6100,14427.54
2025/12,DBN08,6200,6137.41
2025/12,DBN08,6300,3121.44
2025/12,DBN08,6400,1709.6
2025/12,DBN08,6500,2471.16
2025/12,DBN08,6600,1198.55
2025/12,DBN08,7000,4494.56
2026/01,DBN08,6000,34673.96
2026/01,DBN08,6100,14427.54
2026/01,DBN08,6200,5529.28
2026/01,DBN08,6300,2734.09
2026/01,DBN08,6400,3081.75
2026/01,DBN08,6500,1852.94
2026/01,DBN08,6600,1198.55
2026/01,DBN08,7000,4494.56
2026/02,DBN08,6000,33790.23
2026/02,DBN08,6100,14427.54
2026/02,DBN08,6200,4641.07
2026/02,DBN08,6300,2376.85
2026/02,DBN08,6400,2898.13
2026/02,DBN08,6500,1676.2
2026/02,DBN08,6600,1198.55
2026/02,DBN08,7000,4494.56
2026/03,DBN08,6000,37429.64
2026/03,DBN08,6100,15437.46
2026/03,DBN08,6200,6568.21
2026/03,DBN08,6300,2015.94
2026/03,DBN08,6400,5630.81
2026/03,DBN08,6500,2099.17
2026/03,DBN08,6600,1198.55
2026/03,DBN08,7000,4494.56
2026/04,DBN08,6000,37172.85
2026/04,DBN08,6100,15437.46
2026/04,DBN08,6200,6389.54
2026/04,DBN08,6300,2756.83
2026/04,DBN08,6400,1478.07
2026/04,DBN08,6500,2047.81
2026/04,DBN08,6600,1198.55
2026/04,DBN08,7000,4494.56
2026/05,DBN08,6000,37300.93
2026/05,DBN08,6100,15437.46
2026/05,DBN08,6200,5322.76
2026/05,DBN08,6300,4193.74
2026/05,DBN08,6400,1801.97
2026/05,DBN08,6500,2073.43
2026/05,DBN08,6600,1198.55
2026/05,DBN08,7000,4494.56
2026/06,DBN08,6000,36429.17
2026/06,DBN08,6100,15437.46
2026/06,DBN08,6200,5160.94
2026/06,DBN08,6300,3040.77
2026/06,DBN08,6400,2097.74
2026/06,DBN08,6500,1899.07
2026/06,DBN08,6600,1198.55
2026/06,DBN08,7000,4494.56
2026/07,DBN08,6000,37214.95
2026/07,DBN08,6100,15437.46
2026/07,DBN08,6200,6454.37
2026/07,DBN08,6300,2737.6
2026/07,DBN08,6400,1405.14
2026/07,DBN08,6500,2056.23
2026/07,DBN08,6600,1198.55
2026/07,DBN08,7000,4494.56
2026/08,DBN08,6000,37522.2
2026/08,DBN08,6100,15437.46
2026/08,DBN08,6200,6681.41
2026/08,DBN08,6300,3798.77
2026/08,DBN08,6400,886.46
2026/08,DBN08,6500,2117.68
2026/08,DBN08,6600,1198.55
2026/08,DBN08,7000,4494.56
2024/03,PMB01,6000,26229.0
2024/03,PMB01,6100,10701.37
2024/03,PMB01,6200,4424.05
2024/03,PMB01,6300,1696.65
2024/03,PMB01,6400,959.27
2024/03,PMB01,6500,1440.87
2024/03,PMB01,6600,951.23
2024/03,PMB01,7000,3567.12
2024/03,PMB01,7100,1426.85
2024/04,PMB01,6000,26063.26
2024/04,PMB01,6100,10701.37
2024/04,PMB01,6200,3765.28
2024/04,PMB01,6300,2072.16
2024/04,PMB01,6400,6794.0
2024/04,PMB01,6500,1407.72
2024/04,PMB01,6600,951.23
2024/04,PMB01,7000,3567.12
2024/04,PMB01,7100,1426.85
2024/05,PMB01,6000,25559.64
2024/05,PMB01,6100,10701.37
2024/05,PMB01,6200,3448.39
2024/05,PMB01,6300,1956.74
2024/05,PMB01,6400,922.73
2024/05,PMB01,6500,1307.0
2024/05,PMB01,6600,951.23
2024/05,PMB01,7000,3567.12
2024/05,PMB01,7100,1426.85
2024/06,PMB01,6000,25725.8
2024/06,PMB01,6100,10701.37
2024/06,PMB01,6200,3771.51
2024/06,PMB01,6300,1831.95
2024/06,PMB01,6400,656.12
2024/06,PMB01,6500,1340.23
2024/06,PMB01,6600,951.23
2024/06,PMB01,7000,3567.12
2024/06,PMB01,7100,1426.85
2024/07,PMB01,6000,26140.16
2024/07,PMB01,6100,10701.37
2024/07,PMB01,6200,4682.88
2024/07,PMB01,6300,2996.3
2024/07,PMB01,6400,1294.66
2024/07,PMB01,6500,1423.1
2024/07,PMB01,6600,951.23
2024/07,PMB01,7000,3567.12
2024/07,PMB01,7100,1426.85
2024/08,PMB01,6000,26163.17
2024/08,PMB01,6100,10701.37
2024/08,PMB01,6200,3695.27
2024/08,PMB01,6300,1868.7
2024/08,PMB01,6400,1241.94
2024/08,PMB01,6500,1427.7
2024/08,PMB01,6600,951.23
2024/08,PMB01,7000,3567.12
2024/08,PMB01,7100,1426.85
2024/09,PMB01,6000,26374.03
2024/09,PMB01,6100,10701.37
2024/09,PMB01,6200,4830.96
2024/09,PMB01,6300,2911.0
2024/09,PMB01,6400,1429.12
2024/09,PMB01,6500,1469.87
2024/09,PMB01,6600,951.23
2024/09,PMB01,7000,3567.12
2024/09,PMB01,7100,1426.85
2024/10,PMB01,6000,26260.91
2024/10,PMB01,6100,10701.37
2024/10,PMB01,6200,3797.49
2024/10,PMB01,6300,2718.95
2024/10,PMB01,6400,917.37
2024/10,PMB01,6500,1447.25
2024/10,PMB01,6600,951.23
2024/10,PMB01,7000,3567.12
2024/10,PMB01,7100,1426.85
2024/11,PMB01,6000,26492.22
2024/11,PMB01,6100,10701.37
2024/11,PMB01,6200,4358.3
2024/11,PMB01,6300,2655.32
2024/11,PMB01,6400,2392.29
2024/11,PMB01,6500,1493.51
2024/11,PMB01,6600,951.23
2024/11,PMB01,7000,3567.12
2024/11,PMB01,7100,1426.85
2024/12,PMB01,6000,28824.81
2024/12,PMB01,6100,10701.37
2024/12,PMB01,6200,6304.31
2024/12,PMB01,6300,3310.45
2024/12,PMB01,6400,4274.83
2024/12,PMB01,6500,1960.03
2024/12,PMB01,6600,951.23
2024/12,PMB01,7000,3567.12
2024/12,PMB01,7100,1426.85
2025/01,PMB01,6000,25361.06
2025/01,PMB01,6100,10701.37
2025/01,PMB01,6200,4020.99
2025/01,PMB01,6300,2799.92
2025/01,PMB01,6400,1316.38
2025/01,PMB01,6500,1267.28
2025/01,PMB01,6600,951.23
2025/01,PMB01,7000,3567.12
2025/01,PMB01,7100,1426.85
2025/02,PMB01,6000,24831.74
2025/02,PMB01,6100,10701.37
2025/02,PMB01,6200,2995.38
2025/02,PMB01,6300,2324.87
2025/02,PMB01,6400,4653.49
2025/02,PMB01,6500,1161.42
2025/02,PMB01,6600,951.23
2025/02,PMB01,7000,3567.12
2025/02,PMB01,7100,1426.85
2025/03,PMB01,6000,27251.43
2025/03,PMB01,6100,11450.46
2025/03,PMB01,6200,3874.86
2025/03,PMB01,6300,2333.43
2025/03,PMB01,6400,1237.74
2025/03,PMB01,6500,1417.06
2025/03,PMB01,6600,951.23
2025/03,PMB01,7000,3567.12
2025/03,PMB01,7100,1426.85
2025/04,PMB01,6000,27472.02
2025/04,PMB01,6100,11450.46
2025/04,PMB01,6200,4629.71
2025/04,PMB01,6300,3417.73
2025/04,PMB01,6400,474.22
2025/04,PMB01,6500,1461.18
2025/04,PMB01,6600,951.23
2025/04,PMB01,7000,3567.12
2025/04,PMB01,7100,1426.85
2025/05,PMB01,6000,27965.68
2025/05,PMB01,6100,11450.46
2025/05,PMB01,6200,4486.26
2025/05,PMB01,6300,2475.24
2025/05,PMB01,6400,1518.19
2025/05,PMB01,6500,1559.91
2025/05,PMB01,6600,951.23
2025/05,PMB01,7000,3567.12
2025/05,PMB01,7100,1426.85
2025/06,PMB01,6000,26611.93
2025/06,PMB01,6100,11450.46
2025/06,PMB01,6200,4433.87
2025/06,PMB01,6300,2538.12
2025/06,PMB01,6400,462.77
2025/06,PMB01,6500,1289.16
2025/06,PMB01,6600,951.23
2025/06,PMB01,7000,3567.12
2025/06,PMB01,7100,1426.85
2025/07,PMB01,6000,27650.09
2025/07,PMB01,6100,11450.46
2025/07,PMB01,6200,4806.81
2025/07,PMB01,6300,2523.08
2025/07,PMB01,6400,3793.79
2025/07,PMB01,6500,1496.79
2025/07,PMB01,6600,951.23
2025/07,PMB01,7000,3567.12
2025/07,PMB01,7100,1426.85
2025/08,PMB01,6000,27846.85
2025/08,PMB01,6100,11450.46
2025/08,PMB01,6200,4451.85
2025/08,PMB01,6300,3455.77
2025/08,PMB01,6400,473.54
2025/08,PMB01,6500,1536.14
2025/08,PMB01,6600,951.23
2025/08,PMB01,7000,3567.12
2025/08,PMB01,7100,1426.85
2025/09,PMB01,6000,27859.15
2025/09,PMB01,6100,11450.46
2025/09,PMB01,6200,5012.4
2025/09,PMB01,6300,1688.81
2025/09,PMB01,6400,3518.8
2025/09,PMB01,6500,1538.6
2025/09,PMB01,6600,951.23
2025/09,PMB01,7000,3567.12
2025/09,PMB01,7100,1426.85
2025/10,PMB01,6000,28780.51
2025/10,PMB01,6100,11450.46
2025/10,PMB01,6200,4753.83
2025/10,PMB01,6300,2282.28
2025/10,PMB01,6400,522.17
2025/10,PMB01,6500,1722.88
2025/10,PMB01,6600,951.23
2025/10,PMB01,7000,3567.12
2025/10,PMB01,7100,1426.85
2025/11,PMB01,6000,29018.01
2025/11,PMB01,6100,11450.46
2025/11,PMB01,6200,5650.98
2025/11,PMB01,6300,2180.49
2025/11,PMB01,6400,991.88
2025/11,PMB01,6500,1770.38
2025/11,PMB01,6600,951.23
2025/11,PMB01,7000,3567.12
2025/11,PMB01,7100,1426.85
2025/12,PMB01,6000,30736.2
2025/12,PMB01,6100,11450.46
2025/12,PMB01,6200,7269.42
2025/12,PMB01,6300,2554.94
2025/12,PMB01,6400,260.56
2025/12,PMB01,6500,2114.01
2025/12,PMB01,6600,951.23
2025/12,PMB01,7000,3567.12
2025/12,PMB01,7100,1426.85
2026/01,PMB01,6000,27428.67
2026/01,PMB01,6100,11450.46
2026/01,PMB01,6200,3915.38
2026/01,PMB01,6300,1703.58
2026/01,PMB01,6400,8164.56
2026/01,PMB01,6500,1452.51
2026/01,PMB01,6600,951.23
2026/01,PMB01,7000,3567.12
2026/01,PMB01,7100,1426.85
2026/02,PMB01,6000,27146.8
2026/02,PMB01,6100,11450.46
2026/02,PMB01,6200,4129.9
2026/02,PMB01,6300,2629.8
2026/02,PMB01,6400,875.63
2026/02,PMB01,6500,1396.13
2026/02,PMB01,6600,951.23
2026/02,PMB01,7000,3567.12
2026/02,PMB01,7100,1426.85
2026/03,PMB01,6000,30074.08
2026/03,PMB01,6100,12251.99
2026/03,PMB01,6200,5762.15
2026/03,PMB01,6300,2428.71
2026/03,PMB01,6400,825.93
2026/03,PMB01,6500,1739.6
2026/03,PMB01,6600,951.23
2026/03,PMB01,7000,3567.12
2026/03,PMB01,7100,1426.85
2026/04,PMB01,6000,29472.59
2026/04,PMB01,6100,12251.99
2026/04,PMB01,6200,5392.72
2026/04,PMB01,6300,2186.1
2026/04,PMB01,6400,2535.27
2026/04,PMB01,6500,1619.3
2026/04,PMB01,6600,951.23
2026/04,PMB01,7000,3567.12
2026/04,PMB01,7100,1426.85
2026/05,PMB01,6000,29539.31
2026/05,PMB01,6100,12251.99
2026/05,PMB01,6200,4470.17
2026/05,PMB01,6300,2338.83
2026/05,PMB01,6400,2066.82
2026/05,PMB01,6500,1632.64
2026/05,PMB01,6600,951.23
2026/05,PMB01,7000,3567.12
2026/05,PMB01,7100,1426.85
2026/06,PMB01,6000,29239.86
2026/06,PMB01,6100,12251.99
2026/06,PMB01,6200,4383.69
2026/06,PMB01,6300,2453.22
2026/06,PMB01,6400,1126.05
2026/06,PMB01,6500,1572.75
2026/06,PMB01,6600,951.23
2026/06,PMB01,7000,3567.12
2026/06,PMB01,7100,1426.85
2026/07,PMB01,6000,29520.89
2026/07,PMB01,6100,12251.99
2026/07,PMB01,6200,4641.15
2026/07,PMB01,6300,3414.58
2026/07,PMB01,6400,2121.82
2026/07,PMB01,6500,1628.96
2026/07,PMB01,6600,951.23
2026/07,PMB01,7000,3567.12
2026/07,PMB01,7100,1426.85
2026/08,PMB01,6000,29763.37
2026/08,PMB01,6100,12251.99
2026/08,PMB01,6200,5242.92
2026/08,PMB01,6300,1458.92
2026/08,PMB01,6400,1831.6
2026/08,PMB01,6500,1677.45
2026/08,PMB01,6600,951.23
2026/08,PMB01,7000,3567.12
2026/08,PMB01,7100,1426.85
2024/03,PMB02,6000,20384.99
2024/03,PMB02,6100,8152.82
2024/03,PMB02,6200,3092.67
2024/03,PMB02,6300,1468.01
2024/03,PMB02,6400,1806.08
2024/03,PMB02,6500,1178.22
2024/03,PMB02,6600,724.7
2024/03,PMB02,7000,2717.61
2024/04,PMB02,6000,19787.19
2024/04,PMB02,6100,8152.82
2024/04,PMB02,6200,3601.64
2024/04,PMB02,6300,2377.92
2024/04,PMB02,6400,1970.82
2024/04,PMB02,6500,1058.66
2024/04,PMB02,6600,724.7
2024/04,PMB02,7000,2717.61
2024/05,PMB02,6000,19052.99
2024/05,PMB02,6100,8152.82
2024/05,PMB02,6200,3092.61
2024/05,PMB02,6300,2372.05
2024/05,PMB02,6400,1804.65
2024/05,PMB02,6500,911.82
2024/05,PMB02,6600,724.7
2024/05,PMB02,7000,2717.61
2024/06,PMB02,6000,19416.29
2024/06,PMB02,6100,8152.82
2024/06,PMB02,6200,2974.12
2024/06,PMB02,6300,2296.78
2024/06,PMB02,6400,579.74
2024/06,PMB02,6500,984.48
2024/06,PMB02,6600,724.7
2024/06,PMB02,7000,2717.61
2024/07,PMB02,6000,19557.42
2024/07,PMB02,6100,8152.82
2024/07,PMB02,6200,2784.09
2024/07,PMB02,6300,1468.88
2024/07,PMB02,6400,462.59
2024/07,PMB02,6500,1012.7
2024/07,PMB02,6600,724.7
2024/07,PMB02,7000,2717.61
2024/08,PMB02,6000,20015.54
2024/08,PMB02,6100,8152.82
2024/08,PMB02,6200,3264.38
2024/08,PMB02,6300,1322.53
2024/08,PMB02,6400,1064.83
2024/08,PMB02,6500,1104.33
2024/08,PMB02,6600,724.7
2024/08,PMB02,7000,2717.61
2024/09,PMB02,6000,20062.32
2024/09,PMB02,6100,8152.82
2024/09,PMB02,6200,3741.99
2024/09,PMB02,6300,1097.82
2024/09,PMB02,6400,2345.76
2024/09,PMB02,6500,1113.68
2024/09,PMB02,6600,724.7
2024/09,PMB02,7000,2717.61
2024/10,PMB02,6000,20043.26
2024/10,PMB02,6100,8152.82
2024/10,PMB02,6200,3505.34
2024/10,PMB02,6300,2457.64
2024/10,PMB02,6400,839.54
2024/10,PMB02,6500,1109.87
2024/10,PMB02,6600,724.7
2024/10,PMB02,7000,2717.61
2024/11,PMB02,6000,20719.69
2024/11,PMB02,6100,8152.82
2024/11,PMB02,6200,3182.78
2024/11,PMB02,6300,2125.78
2024/11,PMB02,6400,1286.25
2024/11,PMB02,6500,1245.16
2024/11,PMB02,6600,724.7
2024/11,PMB02,7000,2717.61
2024/12,PMB02,6000,21617.85
2024/12,PMB02,6100,8152.82
2024/12,PMB02,6200,4525.09
2024/12,PMB02,6300,2605.9
2024/12,PMB02,6400,1114.3
2024/12,PMB02,6500,1424.79
2024/12,PMB02,6600,724.7
2024/12,PMB02,7000,2717.61
2025/01,PMB02,6000,19575.49
2025/01,PMB02,6100,8152.82
2025/01,PMB02,6200,2554.79
2025/01,PMB02,6300,2258.09
2025/01,PMB02,6400,1364.69
2025/01,PMB02,6500,1016.32
2025/01,PMB02,6600,724.7
2025/01,PMB02,7000,2717.61
2025/02,PMB02,6000,19319.69
2025/02,PMB02,6100,8152.82
2025/02,PMB02,6200,2753.54
2025/02,PMB02,6300,1860.8
2025/02,PMB02,6400,1242.51
2025/02,PMB02,6500,965.16
2025/02,PMB02,6600,724.7
2025/02,PMB02,7000,2717.61
2025/03,PMB02,6000,20851.41
2025/03,PMB02,6100,8723.52
2025/03,PMB02,6200,3208.67
2025/03,PMB02,6300,1775.78
2025/03,PMB02,6400,1580.74
2025/03,PMB02,6500,1097.57
2025/03,PMB02,6600,724.7
2025/03,PMB02,7000,2717.61
2025/04,PMB02,6000,21240.54
2025/04,PMB02,6100,8723.52
2025/04,PMB02,6200,3907.2
2025/04,PMB02,6300,1745.35
2025/04,PMB02,6400,1093.78
2025/04,PMB02,6500,1175.4
2025/04,PMB02,6600,724.7
2025/04,PMB02,7000,2717.61
2025/05,PMB02,6000,21138.35
2025/05,PMB02,6100,8723.52
2025/05,PMB02,6200,4012.88
2025/05,PMB02,6300,2154.34
2025/05,PMB02,6400,1835.72
2025/05,PMB02,6500,1154.96
2025/05,PMB02,6600,724.7
2025/05,PMB02,7000,2717.61
2025/06,PMB02,6000,20736.92
2025/06,PMB02,6100,8723.52
2025/06,PMB02,6200,2992.56
2025/06,PMB02,6300,2043.29
2025/06,PMB02,6400,2301.95
2025/06,PMB02,6500,1074.67
2025/06,PMB02,6600,724.7
2025/06,PMB02,7000,2717.61
2025/07,PMB02,6000,20782.53
2025/07,PMB02,6100,8723.52
2025/07,PMB02,6200,3486.46
2025/07,PMB02,6300,2531.07
2025/07,PMB02,6400,1151.23
2025/07,PMB02,6500,1083.8
2025/07,PMB02,6600,724.7
2025/07,PMB02,7000,2717.61
2025/08,PMB02,6000,21714.17
2025/08,PMB02,6100,8723.52
2025/08,PMB02,6200,3156.9
2025/08,PMB02,6300,1396.75
2025/08,PMB02,6400,3962.02
2025/08,PMB02,6500,1270.12
2025/08,PMB02,6600,724.7
2025/08,PMB02,7000,2717.61
2025/09,PMB02,6000,21771.14
2025/09,PMB02,6100,8723.52
2025/09,PMB02,6200,4209.32
2025/09,PMB02,6300,2570.57
2025/09,PMB02,6400,1542.71
2025/09,PMB02,6500,1281.52
2025/09,PMB02,6600,724.7
2025/09,PMB02,7000,2717.61
2025/10,PMB02,6000,22216.67
2025/10,PMB02,6100,8723.52
2025/10,PMB02,6200,4372.4
2025/10,PMB02,6300,2059.36
2025/10,PMB02,6400,1432.53
2025/10,PMB02,6500,1370.62
2025/10,PMB02,6600,724.7
2025/10,PMB02,7000,2717.61
2025/11,PMB02,6000,22242.46
2025/11,PMB02,6100,8723.52
2025/11,PMB02,6200,4053.86
2025/11,PMB02,6300,2330.63
2025/11,PMB02,6400,605.77
2025/11,PMB02,6500,1375.78
2025/11,PMB02,6600,724.7
2025/11,PMB02,7000,2717.61
2025/12,PMB02,6000,23314.69
2025/12,PMB02,6100,8723.52
2025/12,PMB02,6200,5199.79
2025/12,PMB02,6300,2577.51
2025/12,PMB02,6400,1461.92
2025/12,PMB02,6500,1590.23
2025/12,PMB02,6600,724.7
2025/12,PMB02,7000,2717.61
2026/01,PMB02,6000,20852.7
2026/01,PMB02,6100,8723.52
2026/01,PMB02,6200,3603.18
2026/01,PMB02,6300,2003.59
2026/01,PMB02,6400,716.84
2026/01,PMB02,6500,1097.83
2026/01,PMB02,6600,724.7
2026/01,PMB02,7000,2717.61
2026/02,PMB02,6000,20246.96
2026/02,PMB02,6100,8723.52
2026/02,PMB02,6200,2738.89
2026/02,PMB02,6300,1789.29
2026/02,PMB02,6400,315.63
2026/02,PMB02,6500,976.68
2026/02,PMB02,6600,724.7
2026/02,PMB02,7000,2717.61
2026/03,PMB02,6000,22609.26
2026/03,PMB02,6100,9334.17
2026/03,PMB02,6200,3289.05
2026/03,PMB02,6300,2408.34
2026/03,PMB02,6400,3303.75
2026/03,PMB02,6500,1264.78
2026/03,PMB02,6600,724.7
2026/03,PMB02,7000,2717.61
2026/04,PMB02,6000,22912.81
2026/04,PMB02,6100,9334.17
2026/04,PMB02,6200,3305.23
2026/04,PMB02,6300,1718.3
2026/04,PMB02,6400,6403.25
2026/04,PMB02,6500,1325.49
2026/04,PMB02,6600,724.7
2026/04,PMB02,7000,2717.61
2026/05,PMB02,6000,22625.58
2026/05,PMB02,6100,9334.17
2026/05,PMB02,6200,3759.14
2026/05,PMB02,6300,1759.52
2026/05,PMB02,6400,283.41
2026/05,PMB02,6500,1268.04
2026/05,PMB02,6600,724.7
2026/05,PMB02,7000,2717.61
2026/06,PMB02,6000,22023.05
2026/06,PMB02,6100,9334.17
2026/06,PMB02,6200,3022.72
2026/06,PMB02,6300,1112.37
2026/06,PMB02,6400,1538.94
2026/06,PMB02,6500,1147.54
2026/06,PMB02,6600,724.7
2026/06,PMB02,7000,2717.61
2026/07,PMB02,6000,22509.21
2026/07,PMB02,6100,9334.17
2026/07,PMB02,6200,3324.13
2026/07,PMB02,6300,1168.8
2026/07,PMB02,6400,3428.91
2026/07,PMB02,6500,1244.77
2026/07,PMB02,6600,724.7
2026/07,PMB02,7000,2717.61
2026/08,PMB02,6000,22865.21
2026/08,PMB02,6100,9334.17
2026/08,PMB02,6200,4242.81
2026/08,PMB02,6300,1224.48
2026/08,PMB02,6400,1849.06
2026/08,PMB02,6500,1315.97
2026/08,PMB02,6600,724.7
2026/08,PMB02,7000,2717.61
2025/11,PMB03,6000,16003.83
2025/11,PMB03,6100,7460.68
2025/11,PMB03,6200,1965.49
2025/11,PMB03,6300,1283.96
2025/11,PMB03,6400,2503.88
2025/11,PMB03,6500,572.87
2025/11,PMB03,6600,619.79
2025/11,PMB03,7000,2324.2
2025/12,PMB03,6000,17401.91
2025/12,PMB03,6100,7460.68
2025/12,PMB03,6200,2384.16
2025/12,PMB03,6300,1946.9
2025/12,PMB03,6400,913.59
2025/12,PMB03,6500,852.49
2025/12,PMB03,6600,619.79
2025/12,PMB03,7000,2324.2
2026/01,PMB03,6000,16630.17
2026/01,PMB03,6100,7460.68
2026/01,PMB03,6200,2140.57
2026/01,PMB03,6300,1541.49
2026/01,PMB03,6400,1191.83
2026/01,PMB03,6500,698.14
2026/01,PMB03,6600,619.79
2026/01,PMB03,7000,2324.2
2026/02,PMB03,6000,16692.77
2026/02,PMB03,6100,7460.68
2026/02,PMB03,6200,2025.38
2026/02,PMB03,6300,1828.99
2026/02,PMB03,6400,1214.95
2026/02,PMB03,6500,710.66
2026/02,PMB03,6600,619.79
2026/02,PMB03,7000,2324.2
2026/03,PMB03,6000,19278.98
2026/03,PMB03,6100,7982.93
2026/03,PMB03,6200,3512.26
2026/03,PMB03,6300,2247.39
2026/03,PMB03,6400,2046.48
2026/03,PMB03,6500,1070.23
2026/03,PMB03,6600,619.79
2026/03,PMB03,7000,2324.2
2026/04,PMB03,6000,19075.38
2026/04,PMB03,6100,7982.93
2026/04,PMB03,6200,2616.05
2026/04,PMB03,6300,2287.87
2026/04,PMB03,6400,3824.33
2026/04,PMB03,6500,1029.51
2026/04,PMB03,6600,619.79
2026/04,PMB03,7000,2324.2
2026/05,PMB03,6000,19268.44
2026/05,PMB03,6100,7982.93
2026/05,PMB03,6200,3308.62
2026/05,PMB03,6300,2292.75
2026/05,PMB03,6400,2520.62
2026/05,PMB03,6500,1068.12
2026/05,PMB03,6600,619.79
2026/05,PMB03,7000,2324.2
2026/06,PMB03,6000,18389.79
2026/06,PMB03,6100,7982.93
2026/06,PMB03,6200,2602.79
2026/06,PMB03,6300,2168.19
2026/06,PMB03,6400,581.12
2026/06,PMB03,6500,892.39
2026/06,PMB03,6600,619.79
2026/06,PMB03,7000,2324.2
2026/07,PMB03,6000,18878.25
2026/07,PMB03,6100,7982.93
2026/07,PMB03,6200,3360.29
2026/07,PMB03,6300,2055.73
2026/07,PMB03,6400,567.99
2026/07,PMB03,6500,990.08
2026/07,PMB03,6600,619.79
2026/07,PMB03,7000,2324.2
2026/08,PMB03,6000,19205.39
2026/08,PMB03,6100,7982.93
2026/08,PMB03,6200,3496.01
2026/08,PMB03,6300,2167.23
2026/08,PMB03,6400,1047.08
2026/08,PMB03,6500,1055.51
2026/08,PMB03,6600,619.79
2026/08,PMB03,7000,2324.2
2024/03,PMB04,6000,19389.83
2024/03,PMB04,6100,6351.54
2024/03,PMB04,6200,3018.68
2024/03,PMB04,6300,1716.57
2024/03,PMB04,6400,1812.14
2024/03,PMB04,6500,913.92
2024/03,PMB04,6600,564.58
2024/03,PMB04,7000,2117.18
2024/04,PMB04,6000,19556.6
2024/04,PMB04,6100,6351.54
2024/04,PMB04,6200,2883.85
2024/04,PMB04,6300,1859.8
2024/04,PMB04,6400,200.64
2024/04,PMB04,6500,947.27
2024/04,PMB04,6600,564.58
2024/04,PMB04,7000,2117.18
2024/05,PMB04,6000,19504.64
2024/05,PMB04,6100,6351.54
2024/05,PMB04,6200,2546.5
2024/05,PMB04,6300,1617.82
2024/05,PMB04,6400,1262.15
2024/05,PMB04,6500,936.88
2024/05,PMB04,6600,564.58
2024/05,PMB04,7000,2117.18
2024/06,PMB04,6000,18994.27
2024/06,PMB04,6100,6351.54
2024/06,PMB04,6200,2286.7
2024/06,PMB04,6300,1801.04
2024/06,PMB04,6400,1619.42
2024/06,PMB04,6500,834.8
2024/06,PMB04,6600,564.58
2024/06,PMB04,7000,2117.18
2024/07,PMB04,6000,19151.6
2024/07,PMB04,6100,6351.54
2024/07,PMB04,6200,2860.89
2024/07,PMB04,6300,1827.76
2024/07,PMB04,6400,394.85
2024/07,PMB04,6500,866.27
2024/07,PMB04,6600,564.58
2024/07,PMB04,7000,2117.18
2024/08,PMB04,6000,19078.0
2024/08,PMB04,6100,6351.54
2024/08,PMB04,6200,2880.54
2024/08,PMB04,6300,1509.79
2024/08,PMB04,6400,790.83
2024/08,PMB04,6500,851.55
2024/08,PMB04,6600,564.58
2024/08,PMB04,7000,2117.18
2024/09,PMB04,6000,19127.2
2024/09,PMB04,6100,6351.54
2024/09,PMB04,6200,2304.64
2024/09,PMB04,6300,1076.41
2024/09,PMB04,6400,1237.06
2024/09,PMB04,6500,861.39
2024/09,PMB04,6600,564.58
2024/09,PMB04,7000,2117.18
2024/10,PMB04,6000,19261.47
2024/10,PMB04,6100,6351.54
2024/10,PMB04,6200,2567.06
2024/10,PMB04,6300,1503.9
2024/10,PMB04,6400,2197.97
2024/10,PMB04,6500,888.24
2024/10,PMB04,6600,564.58
2024/10,PMB04,7000,2117.18
2024/11,PMB04,6000,19004.66
2024/11,PMB04,6100,6351.54
2024/11,PMB04,6200,2615.33
2024/11,PMB04,6300,1847.04
2024/11,PMB04,6400,303.81
2024/11,PMB04,6500,836.88
2024/11,PMB04,6600,564.58
2024/11,PMB04,7000,2117.18
2024/12,PMB04,6000,20027.29
2024/12,PMB04,6100,6351.54
2024/12,PMB04,6200,3134.06
2024/12,PMB04,6300,873.0
2024/12,PMB04,6400,1992.93
2024/12,PMB04,6500,1041.41
2024/12,PMB04,6600,564.58
2024/12,PMB04,7000,2117.18
2025/01,PMB04,6000,18431.18
2025/01,PMB04,6100,6351.54
2025/01,PMB04,6200,1983.28
2025/01,PMB04,6300,1836.68
2025/01,PMB04,6400,160.68
2025/01,PMB04,6500,722.19
2025/01,PMB04,6600,564.58
2025/01,PMB04,7000,2117.18
2025/02,PMB04,6000,17913.41
2025/02,PMB04,6100,6351.54
2025/02,PMB04,6200,2050.8
2025/02,PMB04,6300,2070.77
2025/02,PMB04,6400,546.35
2025/02,PMB04,6500,618.63
2025/02,PMB04,6600,564.58
2025/02,PMB04,7000,2117.18
2025/03,PMB04,6000,19494.21
2025/03,PMB04,6100,6796.14
2025/03,PMB04,6200,1916.01
2025/03,PMB04,6300,1554.92
2025/03,PMB04,6400,1926.06
2025/03,PMB04,6500,756.95
2025/03,PMB04,6600,564.58
2025/03,PMB04,7000,2117.18
2025/04,PMB04,6000,19097.03
2025/04,PMB04,6100,6796.14
2025/04,PMB04,6200,2308.99
2025/04,PMB04,6300,928.41
2025/04,PMB04,6400,1029.66
2025/04,PMB04,6500,677.51
2025/04,PMB04,6600,564.58
2025/04,PMB04,7000,2117.18
2025/05,PMB04,6000,18990.55
2025/05,PMB04,6100,6796.14
2025/05,PMB04,6200,2269.49
2025/05,PMB04,6300,1173.59
2025/05,PMB04,6400,1050.48
2025/05,PMB04,6500,656.22
2025/05,PMB04,6600,564.58
2025/05,PMB04,7000,2117.18
2025/06,PMB04,6000,18550.38
2025/06,PMB04,6100,6796.14
2025/06,PMB04,6200,1797.07
2025/06,PMB04,6300,1346.25
2025/06,PMB04,6400,786.6
2025/06,PMB04,6500,568.18
2025/06,PMB04,6600,564.58
2025/06,PMB04,7000,2117.18
2025/07,PMB04,6000,19230.18
2025/07,PMB04,6100,6796.14
2025/07,PMB04,6200,2458.55
2025/07,PMB04,6300,1128.53
2025/07,PMB04,6400,402.22
2025/07,PMB04,6500,704.14
2025/07,PMB04,6600,564.58
2025/07,PMB04,7000,2117.18
2025/08,PMB04,6000,19272.75
2025/08,PMB04,6100,6796.14
2025/08,PMB04,6200,2423.55
2025/08,PMB04,6300,1995.96
2025/08,PMB04,6400,2767.78
2025/08,PMB04,6500,712.66
2025/08,PMB04,6600,564.58
2025/08,PMB04,7000,2117.18
2025/09,PMB04,6000,19007.46
2025/09,PMB04,6100,6796.14
2025/09,PMB04,6200,2298.78
2025/09,PMB04,6300,917.71
2025/09,PMB04,6400,468.77
2025/09,PMB04,6500,659.6
2025/09,PMB04,6600,564.58
2025/09,PMB04,7000,2117.18
2025/10,DBN02,6400,-18500.0
