item_code,effective_from,unit_cost_excl
CH01,2024-03-01,17.50
CH01,2025-04-01,18.90
CH02,2024-03-01,24.50
CH02,2025-04-01,26.46
CH03,2024-03-01,33.00
CH03,2025-04-01,35.64
CH04,2024-03-01,40.00
CH04,2025-04-01,43.20
CH05,2024-03-01,62.00
CH05,2025-04-01,66.96
CH06,2024-03-01,24.00
CH06,2025-04-01,25.92
CH07,2024-03-01,46.00
CH07,2025-04-01,49.68
CH08,2024-03-01,13.00
CH08,2025-04-01,14.04
BG01,2024-03-01,19.00
BG01,2025-04-01,20.52
BG02,2024-03-01,28.00
BG02,2025-04-01,30.24
BG03,2024-03-01,21.00
BG03,2025-04-01,22.68
BG04,2024-03-01,17.00
BG04,2025-04-01,18.36
FM01,2024-03-01,96.00
FM01,2025-04-01,103.68
FM02,2024-03-01,152.00
FM02,2025-04-01,164.16
SD01,2024-03-01,6.50
SD01,2025-04-01,7.02
SD02,2024-03-01,9.00
SD02,2025-04-01,9.72
SD03,2024-03-01,5.50
SD03,2025-04-01,5.94
SD04,2024-03-01,5.00
SD04,2025-04-01,5.40
SD05,2024-03-01,2.20
SD05,2025-04-01,2.38
SD06,2024-03-01,4.50
SD06,2025-04-01,4.86
DR01,2024-03-01,8.20
DR01,2025-04-01,8.86
DR01,2026-03-01,9.39
DR02,2024-03-01,10.40
DR02,2025-04-01,11.23
DR02,2026-03-01,11.90
DR03,2024-03-01,19.50
DR03,2025-04-01,21.06
DR03,2026-03-01,22.32
DR04,2024-03-01,5.80
DR04,2025-04-01,6.26
DR04,2026-03-01,6.64
EX01,2024-03-01,21.00
EX01,2025-04-01,22.68
EX01,2026-03-01,24.04
EX02,2024-03-01,1.60
EX02,2025-04-01,1.73
EX02,2026-03-01,1.83
